Texas Rangers,2,Houston Astros,8
St. Louis Cardinals,2,Arizona D'Backs,6
Philadelphia Phillies,5,Atlanta Braves,7
Kansas City Royals,0,Chicago White Sox,1
LA Angels of Anaheim,3,Cincinnati Reds,1
San Francisco Giants,0,Los Angeles Dodgers,4
Colorado Rockies,4,Milwaukee Brewers,5
Detroit Tigers,4,Minnesota Twins,2
Boston Red Sox,8,New York Yankees,2
San Diego Padres,2,New York Mets,11
Seattle Mariners,2,Oakland Athletics,0
Chicago Cubs,3,Pittsburgh Pirates,1
Miami Marlins,0,Washington Nationals,2
St. Louis Cardinals,6,Arizona D'Backs,1
Texas Rangers,7,Houston Astros,0
San Francisco Giants,3,Los Angeles Dodgers,0
Colorado Rockies,8,Milwaukee Brewers,4
Seattle Mariners,7,Oakland Athletics,1
Baltimore Orioles,7,Tampa Bay Rays,4
Cleveland Indians,4,Toronto Blue Jays,1
St. Louis Cardinals,9,Arizona D'Backs,10
Philadelphia Phillies,2,Atlanta Braves,9
Kansas City Royals,2,Chicago White Sox,5
LA Angels of Anaheim,4,Cincinnati Reds,5
Texas Rangers,4,Houston Astros,0
San Francisco Giants,5,Los Angeles Dodgers,3
Colorado Rockies,7,Milwaukee Brewers,3
Detroit Tigers,2,Minnesota Twins,3
Boston Red Sox,7,New York Yankees,4
San Diego Padres,4,New York Mets,8
Seattle Mariners,2,Oakland Athletics,6
Chicago Cubs,0,Pittsburgh Pirates,3
Baltimore Orioles,7,Tampa Bay Rays,8
Cleveland Indians,3,Toronto Blue Jays,2
Miami Marlins,0,Washington Nationals,3
Philadelphia Phillies,2,Atlanta Braves,0
Kansas City Royals,3,Chicago White Sox,1
LA Angels of Anaheim,4,Cincinnati Reds,5
Detroit Tigers,2,Minnesota Twins,8
Boston Red Sox,2,New York Yankees,4
San Diego Padres,2,New York Mets,1
Seattle Mariners,2,Oakland Athletics,8
Chicago Cubs,3,Pittsburgh Pirates,2
Baltimore Orioles,6,Tampa Bay Rays,3
Cleveland Indians,8,Toronto Blue Jays,10
Miami Marlins,1,Washington Nationals,6
Chicago Cubs,1,Atlanta Braves,4
Minnesota Twins,5,Baltimore Orioles,9
Seattle Mariners,8,Chicago White Sox,7
Washington Nationals,0,Cincinnati Reds,15
San Diego Padres,2,Colorado Rockies,5
New York Yankees,3,Detroit Tigers,8
Oakland Athletics,8,Houston Astros,3
Pittsburgh Pirates,0,Los Angeles Dodgers,3
Arizona D'Backs,3,Milwaukee Brewers,1
Miami Marlins,7,New York Mets,5
Kansas City Royals,13,Philadelphia Phillies,4
St. Louis Cardinals,0,San Francisco Giants,1
Cleveland Indians,0,Tampa Bay Rays,4
LA Angels of Anaheim,2,Texas Rangers,3
Boston Red Sox,6,Toronto Blue Jays,4
Chicago Cubs,5,Atlanta Braves,6
Minnesota Twins,6,Baltimore Orioles,5
Seattle Mariners,3,Chicago White Sox,4
Washington Nationals,7,Cincinnati Reds,6
San Diego Padres,3,Colorado Rockies,6
New York Yankees,4,Detroit Tigers,8
Oakland Athletics,6,Houston Astros,3
Pittsburgh Pirates,0,Los Angeles Dodgers,1
Arizona D'Backs,9,Milwaukee Brewers,2
Miami Marlins,3,New York Mets,7
Kansas City Royals,3,Philadelphia Phillies,4
St. Louis Cardinals,6,San Francisco Giants,3
Cleveland Indians,0,Tampa Bay Rays,6
LA Angels of Anaheim,8,Texas Rangers,4
Boston Red Sox,0,Toronto Blue Jays,5
Chicago Cubs,1,Atlanta Braves,5
Minnesota Twins,4,Baltimore Orioles,3
Seattle Mariners,3,Chicago White Sox,4
Washington Nationals,3,Cincinnati Reds,6
San Diego Padres,1,Colorado Rockies,9
New York Yankees,7,Detroit Tigers,0
Oakland Athletics,9,Houston Astros,3
Pittsburgh Pirates,2,Los Angeles Dodgers,6
Arizona D'Backs,8,Milwaukee Brewers,7
Miami Marlins,3,New York Mets,4
Kansas City Royals,9,Philadelphia Phillies,8
St. Louis Cardinals,14,San Francisco Giants,3
Cleveland Indians,13,Tampa Bay Rays,0
LA Angels of Anaheim,3,Texas Rangers,7
Boston Red Sox,13,Toronto Blue Jays,0
Pittsburgh Pirates,5,Arizona D'Backs,3
Baltimore Orioles,1,Boston Red Sox,3
Milwaukee Brewers,7,Chicago Cubs,4
New York Yankees,11,Cleveland Indians,6
Minnesota Twins,1,Kansas City Royals,3
Atlanta Braves,2,Miami Marlins,0
New York Mets,7,Philadelphia Phillies,2
Houston Astros,0,Seattle Mariners,3
Colorado Rockies,2,San Francisco Giants,4
Cincinnati Reds,13,St. Louis Cardinals,4
Tampa Bay Rays,4,Texas Rangers,5
Oakland Athletics,9,LA Angels of Anaheim,5
Pittsburgh Pirates,6,Arizona D'Backs,5
Milwaukee Brewers,3,Chicago Cubs,6
New York Yankees,14,Cleveland Indians,1
Toronto Blue Jays,3,Detroit Tigers,7
Minnesota Twins,4,Kansas City Royals,7
Atlanta Braves,3,Miami Marlins,2
New York Mets,3,Philadelphia Phillies,8
Los Angeles Dodgers,3,San Diego Padres,9
Houston Astros,16,Seattle Mariners,9
Colorado Rockies,6,San Francisco Giants,9
Cincinnati Reds,1,St. Louis Cardinals,5
Tampa Bay Rays,1,Texas Rangers,6
Chicago White Sox,7,Washington Nationals,8
Oakland Athletics,11,LA Angels of Anaheim,5
Pittsburgh Pirates,2,Arizona D'Backs,10
Baltimore Orioles,8,Boston Red Sox,5
Toronto Blue Jays,8,Detroit Tigers,6
Minnesota Twins,0,Kansas City Royals,3
Atlanta Braves,8,Miami Marlins,0
New York Mets,3,Philadelphia Phillies,7
Los Angeles Dodgers,4,San Diego Padres,3
Houston Astros,8,Seattle Mariners,3
Colorado Rockies,0,San Francisco Giants,10
Cincinnati Reds,0,St. Louis Cardinals,10
Tampa Bay Rays,2,Texas Rangers,0
Chicago White Sox,2,Washington Nationals,5
Oakland Athletics,8,LA Angels of Anaheim,1
Baltimore Orioles,3,Boston Red Sox,2
San Francisco Giants,7,Chicago Cubs,6
Toronto Blue Jays,1,Detroit Tigers,11
Los Angeles Dodgers,3,San Diego Padres,2
Texas Rangers,4,Seattle Mariners,3
Chicago White Sox,4,Washington Nationals,7
Houston Astros,5,LA Angels of Anaheim,0
Los Angeles Dodgers,0,Arizona D'Backs,3
San Francisco Giants,3,Chicago Cubs,4
Chicago White Sox,0,Cleveland Indians,1
Toronto Blue Jays,8,Kansas City Royals,4
Philadelphia Phillies,3,Miami Marlins,1
New York Mets,16,Minnesota Twins,5
Baltimore Orioles,2,New York Yankees,5
Detroit Tigers,3,Oakland Athletics,4
Cincinnati Reds,5,Pittsburgh Pirates,6
Colorado Rockies,7,San Diego Padres,5
Texas Rangers,1,Seattle Mariners,3
Milwaukee Brewers,0,St. Louis Cardinals,2
Atlanta Braves,6,Washington Nationals,4
Houston Astros,4,LA Angels of Anaheim,5
Los Angeles Dodgers,7,Arizona D'Backs,5
Tampa Bay Rays,1,Boston Red Sox,2
San Francisco Giants,3,Chicago Cubs,2
Chicago White Sox,4,Cleveland Indians,9
Toronto Blue Jays,3,Kansas City Royals,2
Philadelphia Phillies,1,Miami Marlins,2
New York Mets,4,Minnesota Twins,2
Baltimore Orioles,5,New York Yankees,3
Detroit Tigers,7,Oakland Athletics,3
Cincinnati Reds,1,Pittsburgh Pirates,3
Colorado Rockies,9,San Diego Padres,5
Texas Rangers,3,Seattle Mariners,1
Milwaukee Brewers,0,St. Louis Cardinals,8
Atlanta Braves,3,Washington Nationals,1
Houston Astros,1,LA Angels of Anaheim,4
Los Angeles Dodgers,0,Arizona D'Backs,1
Tampa Bay Rays,0,Boston Red Sox,5
San Francisco Giants,10,Chicago Cubs,7
Chicago White Sox,3,Cleveland Indians,1
Toronto Blue Jays,2,Kansas City Royals,3
Philadelphia Phillies,2,Miami Marlins,1
Baltimore Orioles,0,New York Yankees,3
Detroit Tigers,10,Oakland Athletics,1
Cincinnati Reds,7,Pittsburgh Pirates,10
Colorado Rockies,2,San Diego Padres,1
Texas Rangers,3,Seattle Mariners,4
Milwaukee Brewers,4,St. Louis Cardinals,3
Atlanta Braves,9,Washington Nationals,0
Tampa Bay Rays,2,Boston Red Sox,3
Philadelphia Phillies,2,Cincinnati Reds,4
San Diego Padres,6,Los Angeles Dodgers,3
Washington Nationals,10,Miami Marlins,3
LA Angels of Anaheim,2,Minnesota Twins,8
Houston Astros,2,Oakland Athletics,11
St. Louis Cardinals,10,Pittsburgh Pirates,6
Chicago White Sox,3,Toronto Blue Jays,4
Kansas City Royals,3,Atlanta Braves,6
Tampa Bay Rays,4,Baltimore Orioles,5
Texas Rangers,4,Chicago Cubs,2
Philadelphia Phillies,0,Cincinnati Reds,1
Boston Red Sox,7,Cleveland Indians,2
New York Mets,4,Colorado Rockies,8
New York Mets,8,Colorado Rockies,9
San Diego Padres,9,Los Angeles Dodgers,2
Washington Nationals,2,Miami Marlins,8
San Francisco Giants,8,Milwaukee Brewers,10
LA Angels of Anaheim,6,Minnesota Twins,8
Arizona D'Backs,2,New York Yankees,4
Houston Astros,3,Oakland Athletics,4
Detroit Tigers,6,Seattle Mariners,2
Chicago White Sox,4,Toronto Blue Jays,3
Kansas City Royals,1,Atlanta Braves,0
Tampa Bay Rays,6,Baltimore Orioles,2
Philadelphia Phillies,2,Cincinnati Reds,11
Boston Red Sox,6,Cleveland Indians,3
San Diego Padres,7,Los Angeles Dodgers,2
Washington Nationals,6,Miami Marlins,1
San Francisco Giants,3,Milwaukee Brewers,4
Arizona D'Backs,3,New York Yankees,4
Houston Astros,5,Oakland Athletics,7
St. Louis Cardinals,0,Pittsburgh Pirates,5
Detroit Tigers,2,Seattle Mariners,1
Chicago White Sox,7,Toronto Blue Jays,0
Tampa Bay Rays,6,Baltimore Orioles,10
Texas Rangers,2,Chicago Cubs,6
Miami Marlins,1,Cincinnati Reds,11
Boston Red Sox,6,Cleveland Indians,3
New York Mets,3,Colorado Rockies,11
San Francisco Giants,2,Milwaukee Brewers,7
Arizona D'Backs,6,New York Yankees,2
St. Louis Cardinals,4,Philadelphia Phillies,3
Atlanta Braves,6,Pittsburgh Pirates,4
Detroit Tigers,0,Seattle Mariners,2
Chicago White Sox,1,Toronto Blue Jays,3
Detroit Tigers,1,LA Angels of Anaheim,8
Miami Marlins,2,Cincinnati Reds,1
Arizona D'Backs,1,Colorado Rockies,3
Cleveland Indians,2,Houston Astros,3
Chicago Cubs,4,Milwaukee Brewers,5
Washington Nationals,1,New York Mets,7
St. Louis Cardinals,2,Philadelphia Phillies,8
Atlanta Braves,0,Pittsburgh Pirates,6
San Diego Padres,2,San Francisco Giants,3
Oakland Athletics,3,Tampa Bay Rays,8
Seattle Mariners,0,Texas Rangers,7
New York Yankees,9,Toronto Blue Jays,4
Detroit Tigers,0,LA Angels of Anaheim,10
Los Angeles Dodgers,5,Baltimore Orioles,7
Los Angeles Dodgers,1,Baltimore Orioles,6
Kansas City Royals,3,Boston Red Sox,4
Minnesota Twins,2,Chicago White Sox,1
Miami Marlins,2,Cincinnati Reds,3
Arizona D'Backs,3,Colorado Rockies,4
Cleveland Indians,19,Houston Astros,6
Chicago Cubs,1,Milwaukee Brewers,5
Washington Nationals,7,New York Mets,6
St. Louis Cardinals,5,Philadelphia Phillies,0
Atlanta Braves,1,Pittsburgh Pirates,3
San Diego Padres,0,San Francisco Giants,2
Oakland Athletics,0,Tampa Bay Rays,1
Seattle Mariners,0,Texas Rangers,5
New York Yankees,5,Toronto Blue Jays,3
Detroit Tigers,3,LA Angels of Anaheim,4
Los Angeles Dodgers,7,Baltimore Orioles,4
Kansas City Royals,4,Boston Red Sox,2
Kansas City Royals,5,Boston Red Sox,4
Minnesota Twins,5,Chicago White Sox,3
Miami Marlins,6,Cincinnati Reds,10
Arizona D'Backs,5,Colorado Rockies,4
Cleveland Indians,5,Houston Astros,4
Chicago Cubs,2,Milwaukee Brewers,4
Washington Nationals,0,New York Mets,2
St. Louis Cardinals,3,Philadelphia Phillies,7
Atlanta Braves,2,Pittsburgh Pirates,4
San Diego Padres,0,San Francisco Giants,5
Oakland Athletics,1,Tampa Bay Rays,8
Seattle Mariners,3,Texas Rangers,11
New York Yankees,4,Toronto Blue Jays,8
Texas Rangers,7,LA Angels of Anaheim,6
Toronto Blue Jays,1,Baltimore Orioles,2
Oakland Athletics,6,Boston Red Sox,9
Cleveland Indians,3,Chicago White Sox,2
Chicago Cubs,4,Cincinnati Reds,5
Seattle Mariners,7,Houston Astros,1
Pittsburgh Pirates,2,Philadelphia Phillies,3
Milwaukee Brewers,7,San Diego Padres,1
Arizona D'Backs,4,San Francisco Giants,5
New York Yankees,1,Tampa Bay Rays,5
St. Louis Cardinals,3,Washington Nationals,2
Texas Rangers,4,LA Angels of Anaheim,5
Toronto Blue Jays,3,Baltimore Orioles,4
Oakland Athletics,13,Boston Red Sox,0
Chicago Cubs,4,Cincinnati Reds,2
Atlanta Braves,4,Colorado Rockies,3
Atlanta Braves,10,Colorado Rockies,2
Seattle Mariners,2,Houston Astros,3
Miami Marlins,3,Minnesota Twins,4
Miami Marlins,8,Minnesota Twins,5
Los Angeles Dodgers,7,New York Mets,2
Pittsburgh Pirates,2,Philadelphia Phillies,0
Milwaukee Brewers,6,San Diego Padres,3
Arizona D'Backs,6,San Francisco Giants,4
New York Yankees,4,Tampa Bay Rays,3
St. Louis Cardinals,2,Washington Nationals,0
Texas Rangers,11,LA Angels of Anaheim,3
Toronto Blue Jays,6,Baltimore Orioles,5
Oakland Athletics,5,Boston Red Sox,6
Cleveland Indians,2,Chicago White Sox,3
Chicago Cubs,0,Cincinnati Reds,1
Atlanta Braves,5,Colorado Rockies,6
Kansas City Royals,5,Detroit Tigers,7
Seattle Mariners,3,Houston Astros,10
Los Angeles Dodgers,3,New York Mets,7
Pittsburgh Pirates,5,Philadelphia Phillies,3
Milwaukee Brewers,1,San Diego Padres,2
Arizona D'Backs,3,San Francisco Giants,2
New York Yankees,0,Tampa Bay Rays,3
St. Louis Cardinals,4,Washington Nationals,2
Colorado Rockies,2,Arizona D'Backs,3
Houston Astros,2,Boston Red Sox,7
Tampa Bay Rays,2,Chicago White Sox,5
Kansas City Royals,8,Detroit Tigers,3
Chicago Cubs,4,Miami Marlins,3
Texas Rangers,2,Minnesota Twins,1
Toronto Blue Jays,3,New York Yankees,5
Los Angeles Dodgers,3,New York Mets,2
Baltimore Orioles,10,Oakland Athletics,2
Pittsburgh Pirates,6,Philadelphia Phillies,4
LA Angels of Anaheim,0,Seattle Mariners,6
Cincinnati Reds,1,Washington Nationals,8
Colorado Rockies,6,Arizona D'Backs,3
Houston Astros,3,Boston Red Sox,7
Tampa Bay Rays,4,Chicago White Sox,5
Atlanta Braves,0,Detroit Tigers,10
Milwaukee Brewers,5,Los Angeles Dodgers,7
Chicago Cubs,4,Miami Marlins,2
Texas Rangers,4,Minnesota Twins,3
Toronto Blue Jays,4,New York Yankees,6
Philadelphia Phillies,4,New York Mets,0
Baltimore Orioles,3,Oakland Athletics,0
San Francisco Giants,1,San Diego Padres,2
LA Angels of Anaheim,6,Seattle Mariners,3
Pittsburgh Pirates,1,St. Louis Cardinals,9
Cincinnati Reds,0,Washington Nationals,1
Colorado Rockies,2,Arizona D'Backs,3
Houston Astros,4,Boston Red Sox,8
Tampa Bay Rays,10,Chicago White Sox,4
Atlanta Braves,4,Detroit Tigers,7
Cleveland Indians,2,Kansas City Royals,3
Milwaukee Brewers,6,Los Angeles Dodgers,4
Chicago Cubs,3,Miami Marlins,2
Texas Rangers,2,Minnesota Twins,7
Toronto Blue Jays,4,New York Yankees,5
Philadelphia Phillies,9,New York Mets,4
Baltimore Orioles,7,Oakland Athletics,3
San Francisco Giants,7,San Diego Padres,8
LA Angels of Anaheim,2,Seattle Mariners,3
Pittsburgh Pirates,5,St. Louis Cardinals,3
Cincinnati Reds,3,Washington Nationals,6
Colorado Rockies,2,Arizona D'Backs,4
Houston Astros,1,Boston Red Sox,6
Tampa Bay Rays,8,Chicago White Sox,3
Atlanta Braves,3,Detroit Tigers,8
Cleveland Indians,0,Kansas City Royals,9
Cleveland Indians,10,Kansas City Royals,3
Milwaukee Brewers,0,Los Angeles Dodgers,2
Chicago Cubs,4,Miami Marlins,6
Texas Rangers,0,Minnesota Twins,5
Toronto Blue Jays,2,New York Yankees,3
Philadelphia Phillies,5,New York Mets,1
Baltimore Orioles,8,Oakland Athletics,9
San Francisco Giants,4,San Diego Padres,6
LA Angels of Anaheim,1,Seattle Mariners,2
Pittsburgh Pirates,9,St. Louis Cardinals,0
Cincinnati Reds,5,Washington Nationals,2
San Francisco Giants,6,Arizona D'Backs,4
Washington Nationals,2,Atlanta Braves,3
San Diego Padres,3,Chicago Cubs,5
Minnesota Twins,3,Detroit Tigers,4
Cleveland Indians,9,Kansas City Royals,0
Colorado Rockies,12,Los Angeles Dodgers,2
New York Mets,3,Miami Marlins,4
Pittsburgh Pirates,4,Milwaukee Brewers,10
Houston Astros,9,New York Yankees,1
LA Angels of Anaheim,8,Oakland Athletics,10
Baltimore Orioles,2,Seattle Mariners,6
Cincinnati Reds,2,St. Louis Cardinals,1
San Francisco Giants,2,Arizona D'Backs,1
Washington Nationals,1,Atlanta Braves,8
San Diego Padres,13,Chicago Cubs,7
Philadelphia Phillies,2,Cleveland Indians,14
Minnesota Twins,1,Detroit Tigers,6
Tampa Bay Rays,2,Kansas City Royals,8
Colorado Rockies,2,Los Angeles Dodgers,6
New York Mets,1,Miami Marlins,2
Pittsburgh Pirates,8,Milwaukee Brewers,12
Houston Astros,4,New York Yankees,7
LA Angels of Anaheim,6,Oakland Athletics,10
Baltimore Orioles,7,Seattle Mariners,2
Cincinnati Reds,1,St. Louis Cardinals,2
Chicago White Sox,6,Texas Rangers,10
Boston Red Sox,7,Toronto Blue Jays,9
San Francisco Giants,9,Arizona D'Backs,6
Washington Nationals,2,Atlanta Braves,0
San Diego Padres,2,Chicago Cubs,6
Philadelphia Phillies,0,Cleveland Indians,6
Minnesota Twins,6,Detroit Tigers,2
Tampa Bay Rays,8,Kansas City Royals,9
Colorado Rockies,7,Los Angeles Dodgers,3
New York Mets,7,Miami Marlins,6
Pittsburgh Pirates,6,Milwaukee Brewers,4
Houston Astros,4,New York Yankees,5
LA Angels of Anaheim,5,Oakland Athletics,4
Baltimore Orioles,3,Seattle Mariners,8
Cincinnati Reds,2,St. Louis Cardinals,4
Chicago White Sox,5,Texas Rangers,2
Boston Red Sox,10,Toronto Blue Jays,1
Baltimore Orioles,5,LA Angels of Anaheim,1
Washington Nationals,3,Atlanta Braves,1
San Diego Padres,4,Chicago Cubs,2
Detroit Tigers,7,Houston Astros,3
St. Louis Cardinals,6,Milwaukee Brewers,5
Miami Marlins,2,Philadelphia Phillies,7
Chicago White Sox,3,Texas Rangers,1
Boston Red Sox,3,Toronto Blue Jays,1
Baltimore Orioles,0,LA Angels of Anaheim,4
New York Mets,7,Atlanta Braves,5
Cincinnati Reds,6,Chicago Cubs,5
Minnesota Twins,6,Cleveland Indians,7
Tampa Bay Rays,7,Colorado Rockies,4
Detroit Tigers,4,Houston Astros,3
St. Louis Cardinals,6,Milwaukee Brewers,1
Oakland Athletics,2,New York Yankees,0
Miami Marlins,1,Philadelphia Phillies,4
Washington Nationals,1,Pittsburgh Pirates,3
Arizona D'Backs,6,San Diego Padres,7
Los Angeles Dodgers,1,San Francisco Giants,2
Boston Red Sox,0,Texas Rangers,7
Seattle Mariners,4,Toronto Blue Jays,0
Baltimore Orioles,5,LA Angels of Anaheim,4
Cincinnati Reds,6,Chicago Cubs,4
Minnesota Twins,3,Cleveland Indians,7
Tampa Bay Rays,3,Colorado Rockies,9
Detroit Tigers,17,Houston Astros,2
Chicago White Sox,0,Kansas City Royals,2
St. Louis Cardinals,7,Milwaukee Brewers,6
Oakland Athletics,2,New York Yankees,4
Miami Marlins,2,Philadelphia Phillies,0
Washington Nationals,5,Pittsburgh Pirates,4
Arizona D'Backs,8,San Diego Padres,1
Los Angeles Dodgers,9,San Francisco Giants,10
Boston Red Sox,1,Texas Rangers,5
Seattle Mariners,8,Toronto Blue Jays,1
Baltimore Orioles,8,LA Angels of Anaheim,4
New York Mets,4,Atlanta Braves,9
Cincinnati Reds,7,Chicago Cubs,4
Minnesota Twins,4,Cleveland Indians,2
Tampa Bay Rays,8,Colorado Rockies,3
Detroit Tigers,9,Houston Astros,0
Chicago White Sox,5,Kansas City Royals,6
St. Louis Cardinals,10,Milwaukee Brewers,1
Oakland Athletics,5,New York Yankees,4
Miami Marlins,14,Philadelphia Phillies,2
Washington Nationals,6,Pittsburgh Pirates,2
Arizona D'Backs,1,San Diego Padres,5
Los Angeles Dodgers,3,San Francisco Giants,4
Boston Red Sox,3,Texas Rangers,4
Seattle Mariners,2,Toronto Blue Jays,10
Minnesota Twins,5,Boston Red Sox,6
Texas Rangers,2,Chicago Cubs,9
Atlanta Braves,7,Cincinnati Reds,4
Oakland Athletics,3,Cleveland Indians,7
Chicago White Sox,2,Kansas City Royals,1
Arizona D'Backs,9,Los Angeles Dodgers,2
Miami Marlins,0,San Diego Padres,5
Philadelphia Phillies,6,San Francisco Giants,2
Toronto Blue Jays,8,Tampa Bay Rays,7
Kansas City Royals,3,Baltimore Orioles,4
Minnesota Twins,6,Boston Red Sox,1
St. Louis Cardinals,1,Chicago Cubs,2
Atlanta Braves,4,Cincinnati Reds,5
Oakland Athletics,0,Cleveland Indians,1
New York Yankees,0,Colorado Rockies,2
LA Angels of Anaheim,6,Houston Astros,7
Arizona D'Backs,5,Los Angeles Dodgers,3
Texas Rangers,3,Milwaukee Brewers,6
Chicago White Sox,0,New York Mets,1
Seattle Mariners,1,Pittsburgh Pirates,4
Miami Marlins,1,San Diego Padres,5
Philadelphia Phillies,6,San Francisco Giants,2
Toronto Blue Jays,6,Tampa Bay Rays,4
Kansas City Royals,3,Baltimore Orioles,5
Minnesota Twins,15,Boston Red Sox,8
St. Louis Cardinals,5,Chicago Cubs,4
Atlanta Braves,7,Cincinnati Reds,2
Oakland Athletics,3,Cleveland Indians,4
New York Yankees,3,Colorado Rockies,2
LA Angels of Anaheim,1,Houston Astros,3
Arizona D'Backs,3,Los Angeles Dodgers,2
Texas Rangers,4,Milwaukee Brewers,1
Chicago White Sox,6,New York Mets,3
Seattle Mariners,2,Pittsburgh Pirates,1
Miami Marlins,0,San Diego Padres,1
Philadelphia Phillies,3,San Francisco Giants,4
Toronto Blue Jays,4,Tampa Bay Rays,10
Detroit Tigers,1,Washington Nationals,3
Philadelphia Phillies,1,Arizona D'Backs,2
Kansas City Royals,6,Baltimore Orioles,2
Minnesota Twins,5,Boston Red Sox,3
Oakland Athletics,2,Cleveland Indians,9
New York Yankees,3,Colorado Rockies,1
LA Angels of Anaheim,6,Houston Astros,5
Pittsburgh Pirates,2,New York Mets,3
Atlanta Braves,6,San Francisco Giants,3
Toronto Blue Jays,4,Tampa Bay Rays,5
Detroit Tigers,4,Washington Nationals,5
Philadelphia Phillies,2,Arizona D'Backs,3
Toronto Blue Jays,0,Boston Red Sox,5
LA Angels of Anaheim,7,Chicago White Sox,5
Milwaukee Brewers,3,Cincinnati Reds,4
Cleveland Indians,4,Detroit Tigers,10
Texas Rangers,4,Houston Astros,2
New York Yankees,11,Kansas City Royals,6
Miami Marlins,5,Los Angeles Dodgers,4
Baltimore Orioles,9,Minnesota Twins,6
Pittsburgh Pirates,7,New York Mets,3
Oakland Athletics,3,Seattle Mariners,6
Atlanta Braves,2,San Francisco Giants,8
Colorado Rockies,0,St. Louis Cardinals,3
San Diego Padres,3,Tampa Bay Rays,6
Chicago Cubs,3,Washington Nationals,7
Philadelphia Phillies,3,Arizona D'Backs,1
Toronto Blue Jays,3,Boston Red Sox,2
LA Angels of Anaheim,3,Chicago White Sox,2
Milwaukee Brewers,7,Cincinnati Reds,13
Cleveland Indians,7,Detroit Tigers,6
Texas Rangers,8,Houston Astros,7
New York Yankees,3,Kansas City Royals,2
Miami Marlins,1,Los Angeles Dodgers,7
Baltimore Orioles,5,Minnesota Twins,8
Pittsburgh Pirates,11,New York Mets,2
Oakland Athletics,4,Seattle Mariners,3
Atlanta Braves,1,San Francisco Giants,10
Colorado Rockies,0,St. Louis Cardinals,3
San Diego Padres,7,Tampa Bay Rays,8
Chicago Cubs,8,Washington Nationals,2
Philadelphia Phillies,4,Arizona D'Backs,2
Toronto Blue Jays,12,Boston Red Sox,4
LA Angels of Anaheim,0,Chicago White Sox,3
Milwaukee Brewers,1,Cincinnati Reds,5
Cleveland Indians,4,Detroit Tigers,3
Texas Rangers,12,Houston Astros,7
New York Yankees,4,Kansas City Royals,2
Miami Marlins,3,Los Angeles Dodgers,5
Baltimore Orioles,6,Minnesota Twins,0
Pittsburgh Pirates,3,New York Mets,2
Oakland Athletics,1,Seattle Mariners,6
Atlanta Braves,1,San Francisco Giants,5
Colorado Rockies,8,St. Louis Cardinals,2
San Diego Padres,2,Tampa Bay Rays,4
Chicago Cubs,2,Washington Nationals,1
Kansas City Royals,11,LA Angels of Anaheim,4
Atlanta Braves,10,Arizona D'Backs,1
Colorado Rockies,1,Chicago Cubs,9
New York Yankees,0,Cleveland Indians,1
New York Yankees,7,Cleveland Indians,0
Houston Astros,2,Detroit Tigers,7
Washington Nationals,6,Los Angeles Dodgers,2
Chicago White Sox,3,Minnesota Twins,10
Texas Rangers,1,Oakland Athletics,5
Milwaukee Brewers,5,Pittsburgh Pirates,1
New York Mets,3,St. Louis Cardinals,6
Kansas City Royals,2,LA Angels of Anaheim,6
Atlanta Braves,0,Arizona D'Backs,2
San Diego Padres,3,Baltimore Orioles,2
Colorado Rockies,9,Chicago Cubs,4
Houston Astros,2,Detroit Tigers,6
Washington Nationals,0,Los Angeles Dodgers,2
Cincinnati Reds,6,Miami Marlins,2
Chicago White Sox,4,Minnesota Twins,2
Seattle Mariners,3,New York Yankees,4
Texas Rangers,6,Oakland Athletics,5
Cleveland Indians,2,Philadelphia Phillies,6
Milwaukee Brewers,3,Pittsburgh Pirates,4
New York Mets,4,St. Louis Cardinals,10
Boston Red Sox,3,Tampa Bay Rays,5
San Francisco Giants,6,Toronto Blue Jays,10
Kansas City Royals,9,LA Angels of Anaheim,5
Atlanta Braves,3,Arizona D'Backs,5
San Diego Padres,8,Baltimore Orioles,4
Colorado Rockies,3,Chicago Cubs,6
Houston Astros,7,Detroit Tigers,5
Washington Nationals,1,Los Angeles Dodgers,3
Cincinnati Reds,4,Miami Marlins,0
Chicago White Sox,9,Minnesota Twins,4
Seattle Mariners,12,New York Yankees,2
Texas Rangers,6,Oakland Athletics,2
Cleveland Indians,10,Philadelphia Phillies,4
Milwaukee Brewers,1,Pittsburgh Pirates,3
New York Mets,2,St. Louis Cardinals,4
Boston Red Sox,9,Tampa Bay Rays,2
San Francisco Giants,3,Toronto Blue Jays,11
Chicago White Sox,5,LA Angels of Anaheim,4
San Francisco Giants,8,Colorado Rockies,6
Cincinnati Reds,5,Miami Marlins,3
Seattle Mariners,3,New York Yankees,2
Milwaukee Brewers,1,Pittsburgh Pirates,7
Washington Nationals,6,San Diego Padres,2
New York Mets,5,St. Louis Cardinals,2
Boston Red Sox,4,Tampa Bay Rays,3
Detroit Tigers,4,Texas Rangers,10
Chicago White Sox,3,LA Angels of Anaheim,0
Los Angeles Dodgers,5,Atlanta Braves,8
Tampa Bay Rays,12,Baltimore Orioles,10
New York Mets,3,Chicago Cubs,2
Seattle Mariners,3,Cleveland Indians,6
San Francisco Giants,9,Colorado Rockies,10
Arizona D'Backs,9,Miami Marlins,2
Boston Red Sox,3,Minnesota Twins,2
Toronto Blue Jays,0,New York Yankees,5
Kansas City Royals,1,Oakland Athletics,2
Cincinnati Reds,3,Philadelphia Phillies,5
Houston Astros,4,Pittsburgh Pirates,5
Washington Nationals,6,San Diego Padres,5
Milwaukee Brewers,6,St. Louis Cardinals,7
Detroit Tigers,2,Texas Rangers,1
Chicago White Sox,9,LA Angels of Anaheim,12
Los Angeles Dodgers,1,Atlanta Braves,3
Tampa Bay Rays,10,Baltimore Orioles,6
New York Mets,2,Chicago Cubs,8
Seattle Mariners,4,Cleveland Indians,5
San Francisco Giants,2,Colorado Rockies,10
Arizona D'Backs,1,Miami Marlins,0
Boston Red Sox,12,Minnesota Twins,5
Toronto Blue Jays,2,New York Yankees,7
Kansas City Royals,1,Oakland Athletics,2
Cincinnati Reds,10,Philadelphia Phillies,0
Houston Astros,4,Pittsburgh Pirates,2
Washington Nationals,1,San Diego Padres,2
Milwaukee Brewers,6,St. Louis Cardinals,4
Detroit Tigers,2,Texas Rangers,7
Chicago White Sox,2,LA Angels of Anaheim,6
Los Angeles Dodgers,2,Atlanta Braves,5
Tampa Bay Rays,3,Baltimore Orioles,1
New York Mets,4,Chicago Cubs,3
Seattle Mariners,0,Cleveland Indians,6
San Francisco Giants,0,Colorado Rockies,5
Arizona D'Backs,1,Miami Marlins,2
Boston Red Sox,5,Minnesota Twins,1
Kansas City Royals,3,Oakland Athletics,4
Cincinnati Reds,2,Philadelphia Phillies,3
Houston Astros,0,Pittsburgh Pirates,1
Washington Nationals,4,San Diego Padres,13
Milwaukee Brewers,2,St. Louis Cardinals,4
Detroit Tigers,8,Texas Rangers,11
Minnesota Twins,1,Atlanta Braves,5
New York Yankees,6,Baltimore Orioles,4
Boston Red Sox,4,Chicago White Sox,6
Seattle Mariners,8,Cleveland Indians,10
Arizona D'Backs,5,Colorado Rockies,1
Kansas City Royals,5,Houston Astros,6
Philadelphia Phillies,1,Miami Marlins,5
Los Angeles Dodgers,3,Milwaukee Brewers,1
Cincinnati Reds,4,New York Mets,3
St. Louis Cardinals,2,San Diego Padres,4
Washington Nationals,0,San Francisco Giants,8
Oakland Athletics,9,Texas Rangers,2
Tampa Bay Rays,5,Toronto Blue Jays,7
Seattle Mariners,0,LA Angels of Anaheim,12
Minnesota Twins,4,Atlanta Braves,5
New York Yankees,2,Baltimore Orioles,3
Boston Red Sox,1,Chicago White Sox,3
Detroit Tigers,5,Cleveland Indians,1
Arizona D'Backs,4,Colorado Rockies,5
Kansas City Royals,7,Houston Astros,3
Philadelphia Phillies,7,Miami Marlins,3
Los Angeles Dodgers,2,Milwaukee Brewers,5
Cincinnati Reds,4,New York Mets,0
Chicago Cubs,4,Pittsburgh Pirates,5
St. Louis Cardinals,10,San Diego Padres,2
Washington Nationals,2,San Francisco Giants,4
Oakland Athletics,1,Texas Rangers,0
Tampa Bay Rays,4,Toronto Blue Jays,3
Seattle Mariners,1,LA Angels of Anaheim,7
Minnesota Twins,3,Atlanta Braves,8
New York Yankees,3,Baltimore Orioles,6
Boston Red Sox,6,Chicago White Sox,2
Detroit Tigers,11,Cleveland Indians,7
Arizona D'Backs,1,Colorado Rockies,4
Kansas City Royals,1,Houston Astros,3
Philadelphia Phillies,3,Miami Marlins,0
Los Angeles Dodgers,9,Milwaukee Brewers,2
Cincinnati Reds,7,New York Mets,4
Chicago Cubs,0,Pittsburgh Pirates,1
St. Louis Cardinals,5,San Diego Padres,3
Washington Nationals,2,San Francisco Giants,1
Oakland Athletics,1,Texas Rangers,3
Tampa Bay Rays,3,Toronto Blue Jays,4
Cleveland Indians,12,Boston Red Sox,3
Minnesota Twins,6,Detroit Tigers,7
LA Angels of Anaheim,5,Kansas City Royals,4
Chicago Cubs,2,Pittsburgh Pirates,4
Baltimore Orioles,6,Toronto Blue Jays,12
San Diego Padres,2,Arizona D'Backs,5
Cleveland Indians,1,Boston Red Sox,8
Miami Marlins,3,Chicago White Sox,4
Chicago Cubs,4,Cincinnati Reds,7
Minnesota Twins,0,Detroit Tigers,6
Oakland Athletics,6,Houston Astros,5
LA Angels of Anaheim,5,Kansas City Royals,2
St. Louis Cardinals,7,Los Angeles Dodgers,0
Pittsburgh Pirates,1,Milwaukee Brewers,2
Atlanta Braves,7,New York Mets,5
Texas Rangers,9,Seattle Mariners,5
Colorado Rockies,5,San Francisco Giants,0
New York Yankees,9,Tampa Bay Rays,4
Baltimore Orioles,10,Toronto Blue Jays,6
Philadelphia Phillies,2,Washington Nationals,5
San Diego Padres,10,Arizona D'Backs,4
Cleveland Indians,4,Boston Red Sox,7
Miami Marlins,1,Chicago White Sox,2
Chicago Cubs,2,Cincinnati Reds,5
Minnesota Twins,3,Detroit Tigers,2
Oakland Athletics,11,Houston Astros,5
LA Angels of Anaheim,7,Kansas City Royals,0
St. Louis Cardinals,3,Los Angeles Dodgers,5
Pittsburgh Pirates,5,Milwaukee Brewers,2
Atlanta Braves,6,New York Mets,0
Texas Rangers,5,Seattle Mariners,2
Colorado Rockies,5,San Francisco Giants,6
New York Yankees,4,Tampa Bay Rays,3
Baltimore Orioles,6,Toronto Blue Jays,5
Philadelphia Phillies,5,Washington Nationals,3
San Diego Padres,5,Arizona D'Backs,6
Cleveland Indians,5,Boston Red Sox,6
Miami Marlins,3,Chicago White Sox,5
Chicago Cubs,5,Cincinnati Reds,4
Minnesota Twins,1,Detroit Tigers,6
Oakland Athletics,6,Houston Astros,2
LA Angels of Anaheim,5,Kansas City Royals,2
St. Louis Cardinals,5,Los Angeles Dodgers,3
Pittsburgh Pirates,5,Milwaukee Brewers,4
Atlanta Braves,2,New York Mets,4
Texas Rangers,3,Seattle Mariners,4
Colorado Rockies,3,San Francisco Giants,7
New York Yankees,3,Tampa Bay Rays,8
Baltimore Orioles,5,Toronto Blue Jays,6
Philadelphia Phillies,1,Washington Nationals,6
Texas Rangers,3,Arizona D'Backs,5
Texas Rangers,4,Arizona D'Backs,5
Philadelphia Phillies,3,Boston Red Sox,9
Chicago Cubs,7,Chicago White Sox,0
Cleveland Indians,2,Cincinnati Reds,4
Pittsburgh Pirates,5,Detroit Tigers,6
Colorado Rockies,2,Houston Astros,3
St. Louis Cardinals,6,Kansas City Royals,3
LA Angels of Anaheim,7,Los Angeles Dodgers,8
Minnesota Twins,6,Milwaukee Brewers,3
New York Yankees,1,New York Mets,2
San Francisco Giants,1,Oakland Athletics,4
San Diego Padres,0,Seattle Mariners,9
Miami Marlins,6,Tampa Bay Rays,10
Atlanta Braves,3,Toronto Blue Jays,9
Baltimore Orioles,6,Washington Nationals,2
Philadelphia Phillies,3,Boston Red Sox,1
Cleveland Indians,2,Cincinnati Reds,8
Pittsburgh Pirates,1,Detroit Tigers,0
Colorado Rockies,2,Houston Astros,1
St. Louis Cardinals,4,Kansas City Royals,1
LA Angels of Anaheim,0,Los Angeles Dodgers,3
Minnesota Twins,6,Milwaukee Brewers,5
New York Yankees,1,New York Mets,2
San Francisco Giants,3,Oakland Athletics,6
San Diego Padres,6,Seattle Mariners,1
Miami Marlins,6,Tampa Bay Rays,7
Atlanta Braves,7,Toronto Blue Jays,6
Baltimore Orioles,3,Washington Nationals,9
Los Angeles Dodgers,3,LA Angels of Anaheim,4
Toronto Blue Jays,3,Atlanta Braves,0
Washington Nationals,6,Baltimore Orioles,9
Chicago White Sox,3,Chicago Cubs,9
Cincinnati Reds,2,Cleveland Indians,5
Houston Astros,6,Colorado Rockies,3
Tampa Bay Rays,3,Miami Marlins,1
Milwaukee Brewers,1,Minnesota Twins,4
New York Mets,9,New York Yankees,4
Boston Red Sox,3,Philadelphia Phillies,4
Detroit Tigers,3,Pittsburgh Pirates,5
Seattle Mariners,2,San Diego Padres,3
Oakland Athletics,9,San Francisco Giants,6
Kansas City Royals,3,St. Louis Cardinals,5
Los Angeles Dodgers,2,LA Angels of Anaheim,3
Toronto Blue Jays,3,Atlanta Braves,11
Washington Nationals,0,Baltimore Orioles,2
Chicago White Sox,3,Chicago Cubs,8
Cincinnati Reds,1,Cleveland Indians,7
Houston Astros,7,Colorado Rockies,5
Tampa Bay Rays,5,Miami Marlins,2
Milwaukee Brewers,6,Minnesota Twins,8
New York Mets,3,New York Yankees,1
Boston Red Sox,9,Philadelphia Phillies,2
Detroit Tigers,0,Pittsburgh Pirates,1
Seattle Mariners,7,San Diego Padres,1
Oakland Athletics,2,San Francisco Giants,5
Kansas City Royals,4,St. Louis Cardinals,2
Arizona D'Backs,5,Texas Rangers,9
Houston Astros,6,LA Angels of Anaheim,3
Washington Nationals,3,Atlanta Braves,2
Detroit Tigers,5,Baltimore Orioles,7
Arizona D'Backs,2,Chicago Cubs,7
Tampa Bay Rays,9,Cleveland Indians,2
Los Angeles Dodgers,7,Colorado Rockies,5
New York Mets,1,Miami Marlins,5
Seattle Mariners,3,Minnesota Twins,0
Boston Red Sox,1,New York Yankees,4
Chicago White Sox,0,Oakland Athletics,3
Milwaukee Brewers,8,Philadelphia Phillies,5
Cincinnati Reds,6,Pittsburgh Pirates,0
Toronto Blue Jays,3,San Diego Padres,4
Kansas City Royals,2,Texas Rangers,7
Houston Astros,2,LA Angels of Anaheim,0
Washington Nationals,1,Atlanta Braves,2
Detroit Tigers,10,Baltimore Orioles,3
Arizona D'Backs,12,Chicago Cubs,4
Tampa Bay Rays,0,Cleveland Indians,5
Los Angeles Dodgers,6,Colorado Rockies,7
New York Mets,1,Miami Marlins,8
Seattle Mariners,4,Minnesota Twins,5
Boston Red Sox,11,New York Yankees,1
Chicago White Sox,3,Oakland Athletics,4
Milwaukee Brewers,4,Philadelphia Phillies,3
Cincinnati Reds,2,Pittsburgh Pirates,0
Toronto Blue Jays,3,San Diego Padres,4
San Francisco Giants,0,St. Louis Cardinals,8
San Francisco Giants,1,St. Louis Cardinals,7
Kansas City Royals,4,Texas Rangers,1
Houston Astros,5,LA Angels of Anaheim,4
Washington Nationals,3,Atlanta Braves,6
Detroit Tigers,2,Baltimore Orioles,4
Arizona D'Backs,8,Chicago Cubs,4
Tampa Bay Rays,11,Cleveland Indians,3
Los Angeles Dodgers,2,Colorado Rockies,7
New York Mets,6,Miami Marlins,11
Seattle Mariners,0,Minnesota Twins,10
Boston Red Sox,3,New York Yankees,0
Chicago White Sox,0,Oakland Athletics,2
Milwaukee Brewers,5,Philadelphia Phillies,7
Cincinnati Reds,4,Pittsburgh Pirates,5
Toronto Blue Jays,7,San Diego Padres,4
San Francisco Giants,4,St. Louis Cardinals,2
Kansas City Royals,1,Texas Rangers,3
Houston Astros,2,LA Angels of Anaheim,1
Pittsburgh Pirates,2,Atlanta Braves,7
Colorado Rockies,0,Cincinnati Reds,3
San Diego Padres,1,Los Angeles Dodgers,2
Oakland Athletics,10,Milwaukee Brewers,2
Cleveland Indians,4,New York Yankees,7
Miami Marlins,2,Philadelphia Phillies,7
Chicago White Sox,2,Seattle Mariners,4
Arizona D'Backs,1,St. Louis Cardinals,7
Chicago Cubs,3,LA Angels of Anaheim,4
Pittsburgh Pirates,4,Atlanta Braves,5
Texas Rangers,5,Boston Red Sox,17
Colorado Rockies,5,Cincinnati Reds,4
Tampa Bay Rays,1,Detroit Tigers,10
Baltimore Orioles,4,Houston Astros,1
Minnesota Twins,3,Kansas City Royals,0
San Diego Padres,7,Los Angeles Dodgers,9
Oakland Athletics,3,Milwaukee Brewers,4
Cleveland Indians,3,New York Yankees,4
Miami Marlins,3,Philadelphia Phillies,7
Chicago White Sox,4,Seattle Mariners,7
Toronto Blue Jays,1,San Francisco Giants,2
Arizona D'Backs,7,St. Louis Cardinals,6
New York Mets,2,Washington Nationals,3
Chicago Cubs,8,LA Angels of Anaheim,6
Pittsburgh Pirates,0,Atlanta Braves,5
Texas Rangers,3,Boston Red Sox,2
Colorado Rockies,12,Cincinnati Reds,4
Tampa Bay Rays,3,Detroit Tigers,0
Baltimore Orioles,7,Houston Astros,11
Minnesota Twins,1,Kansas City Royals,4
San Diego Padres,6,Los Angeles Dodgers,2
Oakland Athletics,6,Milwaukee Brewers,1
Cleveland Indians,4,New York Yankees,6
Miami Marlins,1,Philadelphia Phillies,6
Chicago White Sox,7,Seattle Mariners,5
Toronto Blue Jays,4,San Francisco Giants,0
Arizona D'Backs,10,St. Louis Cardinals,3
New York Mets,10,Washington Nationals,1
Texas Rangers,3,Boston Red Sox,6
Oakland Athletics,5,Chicago White Sox,4
San Diego Padres,6,Colorado Rockies,5
Tampa Bay Rays,2,Detroit Tigers,5
Baltimore Orioles,3,Houston Astros,1
Minnesota Twins,3,Kansas City Royals,7
Atlanta Braves,0,Los Angeles Dodgers,5
Philadelphia Phillies,5,Milwaukee Brewers,1
New York Yankees,6,Seattle Mariners,1
Arizona D'Backs,8,St. Louis Cardinals,12
San Francisco Giants,1,Arizona D'Backs,3
Oakland Athletics,4,Chicago White Sox,3
Pittsburgh Pirates,2,Chicago Cubs,0
St. Louis Cardinals,9,Cincinnati Reds,2
San Diego Padres,9,Colorado Rockies,10
Cleveland Indians,5,Detroit Tigers,7
Houston Astros,2,Kansas City Royals,4
Atlanta Braves,1,Los Angeles Dodgers,2
Philadelphia Phillies,4,Milwaukee Brewers,5
New York Yankees,1,Seattle Mariners,4
Baltimore Orioles,1,Tampa Bay Rays,2
Texas Rangers,1,Toronto Blue Jays,6
San Francisco Giants,10,Arizona D'Backs,5
LA Angels of Anaheim,9,Boston Red Sox,5
LA Angels of Anaheim,2,Boston Red Sox,7
Oakland Athletics,1,Chicago White Sox,4
Pittsburgh Pirates,6,Chicago Cubs,2
St. Louis Cardinals,2,Cincinnati Reds,4
San Diego Padres,4,Colorado Rockies,2
Cleveland Indians,4,Detroit Tigers,6
Houston Astros,2,Kansas City Royals,7
Atlanta Braves,2,Los Angeles Dodgers,1
Philadelphia Phillies,3,Milwaukee Brewers,4
Miami Marlins,2,New York Mets,1
New York Yankees,3,Seattle Mariners,1
Baltimore Orioles,0,Tampa Bay Rays,8
Texas Rangers,3,Toronto Blue Jays,4
Minnesota Twins,4,Washington Nationals,3
San Francisco Giants,6,Arizona D'Backs,2
LA Angels of Anaheim,5,Boston Red Sox,10
Oakland Athletics,2,Chicago White Sox,4
Pittsburgh Pirates,1,Chicago Cubs,4
St. Louis Cardinals,11,Cincinnati Reds,4
San Diego Padres,7,Colorado Rockies,8
Cleveland Indians,1,Detroit Tigers,4
Houston Astros,0,Kansas City Royals,2
Atlanta Braves,8,Los Angeles Dodgers,1
Philadelphia Phillies,1,Milwaukee Brewers,9
Miami Marlins,8,New York Mets,4
New York Yankees,2,Seattle Mariners,1
Baltimore Orioles,10,Tampa Bay Rays,7
Texas Rangers,6,Toronto Blue Jays,4
Minnesota Twins,0,Washington Nationals,7
Minnesota Twins,4,Washington Nationals,5
LA Angels of Anaheim,3,Baltimore Orioles,4
Toronto Blue Jays,6,Chicago White Sox,10
Cincinnati Reds,6,Chicago Cubs,2
Detroit Tigers,2,Kansas City Royals,3
Arizona D'Backs,5,Los Angeles Dodgers,4
Milwaukee Brewers,6,Miami Marlins,1
Atlanta Braves,6,San Diego Padres,7
Houston Astros,2,Seattle Mariners,3
Boston Red Sox,10,Tampa Bay Rays,8
Cleveland Indians,3,Texas Rangers,6
LA Angels of Anaheim,2,Baltimore Orioles,3
Toronto Blue Jays,7,Chicago White Sox,5
Cincinnati Reds,12,Chicago Cubs,2
Washington Nationals,3,Colorado Rockies,8
Detroit Tigers,3,Kansas City Royals,2
Arizona D'Backs,3,Los Angeles Dodgers,5
Milwaukee Brewers,4,Miami Marlins,5
Philadelphia Phillies,2,Minnesota Twins,3
St. Louis Cardinals,9,New York Mets,2
New York Yankees,4,Oakland Athletics,6
San Francisco Giants,2,Pittsburgh Pirates,8
Atlanta Braves,2,San Diego Padres,3
Houston Astros,0,Seattle Mariners,4
Boston Red Sox,3,Tampa Bay Rays,8
Cleveland Indians,5,Texas Rangers,2
LA Angels of Anaheim,9,Baltimore Orioles,5
Cincinnati Reds,2,Chicago Cubs,1
Washington Nationals,5,Colorado Rockies,1
Detroit Tigers,2,Kansas City Royals,3
Arizona D'Backs,8,Los Angeles Dodgers,6
Milwaukee Brewers,10,Miami Marlins,1
Philadelphia Phillies,3,Minnesota Twins,4
St. Louis Cardinals,1,New York Mets,5
New York Yankees,2,Oakland Athletics,5
San Francisco Giants,8,Pittsburgh Pirates,12
Atlanta Braves,3,San Diego Padres,5
Houston Astros,6,Seattle Mariners,1
Boston Red Sox,2,Tampa Bay Rays,1
Cleveland Indians,5,Texas Rangers,2
Boston Red Sox,4,Baltimore Orioles,5
Cincinnati Reds,5,Chicago Cubs,6
Washington Nationals,5,Colorado Rockies,4
Philadelphia Phillies,3,Minnesota Twins,2
St. Louis Cardinals,2,New York Mets,1
New York Yankees,2,Oakland Athletics,3
San Francisco Giants,10,Pittsburgh Pirates,0
Kansas City Royals,10,Tampa Bay Rays,1
Toronto Blue Jays,3,Texas Rangers,1
New York Yankees,2,LA Angels of Anaheim,5
San Francisco Giants,6,Atlanta Braves,0
Boston Red Sox,0,Baltimore Orioles,2
Milwaukee Brewers,3,Cincinnati Reds,4
Washington Nationals,1,Cleveland Indians,2
Philadelphia Phillies,8,Colorado Rockies,7
Chicago White Sox,1,Houston Astros,2
St. Louis Cardinals,4,Miami Marlins,5
Detroit Tigers,4,Minnesota Twins,0
Chicago Cubs,6,New York Mets,3
Seattle Mariners,3,Oakland Athletics,2
Los Angeles Dodgers,0,Pittsburgh Pirates,3
Arizona D'Backs,1,San Diego Padres,2
Kansas City Royals,7,Tampa Bay Rays,2
Toronto Blue Jays,8,Texas Rangers,0
New York Yankees,2,LA Angels of Anaheim,6
San Francisco Giants,5,Atlanta Braves,6
Boston Red Sox,5,Baltimore Orioles,4
Milwaukee Brewers,6,Cincinnati Reds,0
Washington Nationals,7,Cleveland Indians,6
Philadelphia Phillies,5,Colorado Rockies,10
Chicago White Sox,3,Houston Astros,4
St. Louis Cardinals,13,Miami Marlins,7
Detroit Tigers,3,Minnesota Twins,6
Chicago Cubs,5,New York Mets,2
Seattle Mariners,4,Oakland Athletics,0
Los Angeles Dodgers,5,Pittsburgh Pirates,3
Arizona D'Backs,4,San Diego Padres,6
Kansas City Royals,3,Tampa Bay Rays,5
Toronto Blue Jays,6,Texas Rangers,1
New York Yankees,6,LA Angels of Anaheim,5
San Francisco Giants,0,Atlanta Braves,3
Boston Red Sox,3,Baltimore Orioles,6
Milwaukee Brewers,1,Cincinnati Reds,5
Washington Nationals,0,Cleveland Indians,2
Philadelphia Phillies,2,Colorado Rockies,5
Chicago White Sox,4,Houston Astros,5
St. Louis Cardinals,2,Miami Marlins,7
Detroit Tigers,5,Minnesota Twins,2
Chicago Cubs,3,New York Mets,4
Seattle Mariners,2,Oakland Athletics,10
Los Angeles Dodgers,3,Pittsburgh Pirates,6
Arizona D'Backs,1,San Diego Padres,4
Kansas City Royals,5,Tampa Bay Rays,3
Toronto Blue Jays,7,Texas Rangers,2
Seattle Mariners,3,LA Angels of Anaheim,11
Miami Marlins,3,Arizona D'Backs,2
New York Mets,1,Atlanta Braves,2
Pittsburgh Pirates,1,Cincinnati Reds,4
Kansas City Royals,2,Cleveland Indians,1
Baltimore Orioles,1,Detroit Tigers,5
Chicago White Sox,4,Houston Astros,2
Washington Nationals,4,Philadelphia Phillies,5
San Diego Padres,5,San Francisco Giants,3
Chicago Cubs,2,St. Louis Cardinals,5
Oakland Athletics,7,Texas Rangers,8
Colorado Rockies,0,Toronto Blue Jays,2
Seattle Mariners,3,LA Angels of Anaheim,2
Miami Marlins,2,Arizona D'Backs,3
New York Mets,4,Atlanta Braves,3
New York Mets,6,Atlanta Braves,1
Tampa Bay Rays,1,Boston Red Sox,5
Tampa Bay Rays,1,Boston Red Sox,3
Pittsburgh Pirates,4,Cincinnati Reds,0
Kansas City Royals,3,Cleveland Indians,4
Baltimore Orioles,5,Detroit Tigers,2
Milwaukee Brewers,1,Houston Astros,10
Chicago White Sox,5,Minnesota Twins,7
Washington Nationals,2,Philadelphia Phillies,4
San Diego Padres,4,San Francisco Giants,5
Chicago Cubs,4,St. Louis Cardinals,2
Oakland Athletics,6,Texas Rangers,2
Colorado Rockies,3,Toronto Blue Jays,8
Seattle Mariners,0,LA Angels of Anaheim,1
Miami Marlins,1,Arizona D'Backs,3
New York Mets,3,Atlanta Braves,5
Tampa Bay Rays,6,Boston Red Sox,2
Pittsburgh Pirates,1,Cincinnati Reds,2
Kansas City Royals,3,Cleveland Indians,6
Baltimore Orioles,13,Detroit Tigers,3
Milwaukee Brewers,3,Houston Astros,1
Chicago White Sox,4,Minnesota Twins,7
Los Angeles Dodgers,4,New York Yankees,6
Los Angeles Dodgers,6,New York Yankees,0
Washington Nationals,6,Philadelphia Phillies,2
San Diego Padres,2,San Francisco Giants,4
Chicago Cubs,1,St. Louis Cardinals,4
Oakland Athletics,4,Texas Rangers,9
Colorado Rockies,2,Toronto Blue Jays,5
Seattle Mariners,9,LA Angels of Anaheim,10
New York Mets,4,Atlanta Braves,3
Pittsburgh Pirates,5,Cincinnati Reds,3
Boston Red Sox,3,Detroit Tigers,4
Milwaukee Brewers,4,Houston Astros,7
Chicago White Sox,4,Minnesota Twins,8
Tampa Bay Rays,8,New York Yankees,3
Los Angeles Dodgers,3,San Diego Padres,6
Miami Marlins,2,San Francisco Giants,1
Chicago Cubs,1,St. Louis Cardinals,6
Oakland Athletics,3,Texas Rangers,4
Colorado Rockies,1,Washington Nationals,5
Pittsburgh Pirates,5,LA Angels of Anaheim,2
Cincinnati Reds,5,Arizona D'Backs,11
Houston Astros,1,Chicago Cubs,3
Minnesota Twins,1,Cleveland Indians,5
Boston Red Sox,10,Detroit Tigers,6
Chicago White Sox,9,Kansas City Royals,1
Atlanta Braves,0,Milwaukee Brewers,2
Tampa Bay Rays,2,New York Yankees,6
New York Mets,4,Philadelphia Phillies,3
Los Angeles Dodgers,2,San Diego Padres,5
Oakland Athletics,6,Seattle Mariners,3
Miami Marlins,6,San Francisco Giants,3
Texas Rangers,6,St. Louis Cardinals,4
Baltimore Orioles,6,Toronto Blue Jays,7
Colorado Rockies,1,Washington Nationals,2
Pittsburgh Pirates,6,LA Angels of Anaheim,1
Cincinnati Reds,3,Arizona D'Backs,4
Houston Astros,4,Chicago Cubs,3
Minnesota Twins,7,Cleveland Indians,8
Boston Red Sox,3,Detroit Tigers,10
Chicago White Sox,3,Kansas City Royals,2
Atlanta Braves,0,Milwaukee Brewers,2
Tampa Bay Rays,5,New York Yankees,7
New York Mets,7,Philadelphia Phillies,8
Los Angeles Dodgers,6,San Diego Padres,1
Oakland Athletics,5,Seattle Mariners,7
Miami Marlins,1,San Francisco Giants,2
Texas Rangers,4,St. Louis Cardinals,2
Baltimore Orioles,2,Toronto Blue Jays,4
Colorado Rockies,7,Washington Nationals,1
Pittsburgh Pirates,10,LA Angels of Anaheim,9
Cincinnati Reds,4,Arizona D'Backs,2
Houston Astros,6,Chicago Cubs,14
Minnesota Twins,5,Cleveland Indians,3
Boston Red Sox,5,Detroit Tigers,7
Chicago White Sox,6,Kansas City Royals,7
Atlanta Braves,7,Milwaukee Brewers,4
Tampa Bay Rays,3,New York Yankees,1
New York Mets,8,Philadelphia Phillies,0
Los Angeles Dodgers,3,San Diego Padres,1
Oakland Athletics,3,Seattle Mariners,6
Miami Marlins,7,San Francisco Giants,2
Texas Rangers,2,St. Louis Cardinals,1
Baltimore Orioles,5,Toronto Blue Jays,13
Colorado Rockies,7,Washington Nationals,6
Cleveland Indians,5,Baltimore Orioles,2
San Francisco Giants,1,Los Angeles Dodgers,3
Philadelphia Phillies,3,San Diego Padres,4
Toronto Blue Jays,1,Tampa Bay Rays,4
Cleveland Indians,3,Baltimore Orioles,6
Colorado Rockies,4,Boston Red Sox,11
New York Mets,4,Chicago White Sox,5
LA Angels of Anaheim,14,Detroit Tigers,8
St. Louis Cardinals,13,Houston Astros,5
Atlanta Braves,4,Kansas City Royals,3
San Francisco Giants,5,Los Angeles Dodgers,6
Minnesota Twins,2,Miami Marlins,4
Chicago Cubs,3,Milwaukee Brewers,9
Texas Rangers,3,New York Yankees,4
Cincinnati Reds,3,Oakland Athletics,7
Philadelphia Phillies,6,San Diego Padres,2
Pittsburgh Pirates,9,Seattle Mariners,4
Toronto Blue Jays,1,Tampa Bay Rays,5
Arizona D'Backs,5,Washington Nationals,7
Cleveland Indians,4,Baltimore Orioles,3
Colorado Rockies,3,Boston Red Sox,5
New York Mets,3,Chicago White Sox,0
LA Angels of Anaheim,7,Detroit Tigers,4
St. Louis Cardinals,3,Houston Astros,4
Atlanta Braves,3,Kansas City Royals,4
San Francisco Giants,2,Los Angeles Dodgers,4
Minnesota Twins,3,Miami Marlins,5
Chicago Cubs,5,Milwaukee Brewers,4
Texas Rangers,8,New York Yankees,5
Cincinnati Reds,0,Oakland Athletics,5
Philadelphia Phillies,7,San Diego Padres,5
Pittsburgh Pirates,4,Seattle Mariners,2
Toronto Blue Jays,3,Tampa Bay Rays,0
Arizona D'Backs,2,Washington Nationals,3
Cleveland Indians,3,Baltimore Orioles,7
Toronto Blue Jays,4,Boston Red Sox,7
New York Mets,3,Colorado Rockies,2
LA Angels of Anaheim,3,Detroit Tigers,1
Philadelphia Phillies,4,Los Angeles Dodgers,6
Chicago Cubs,7,Milwaukee Brewers,2
Kansas City Royals,1,Minnesota Twins,3
Texas Rangers,2,New York Yankees,0
Arizona D'Backs,3,Washington Nationals,2
Arizona D'Backs,0,Atlanta Braves,3
New York Yankees,3,Baltimore Orioles,4
Toronto Blue Jays,5,Boston Red Sox,7
Cleveland Indians,19,Chicago White Sox,10
Cleveland Indians,9,Chicago White Sox,8
San Francisco Giants,1,Colorado Rockies,4
LA Angels of Anaheim,4,Houston Astros,2
Philadelphia Phillies,16,Los Angeles Dodgers,1
San Diego Padres,9,Miami Marlins,2
Kansas City Royals,9,Minnesota Twins,3
Washington Nationals,6,New York Mets,4
St. Louis Cardinals,1,Oakland Athletics,6
Milwaukee Brewers,3,Pittsburgh Pirates,10
Chicago Cubs,4,Seattle Mariners,5
Detroit Tigers,6,Tampa Bay Rays,3
Cincinnati Reds,0,Texas Rangers,4
Arizona D'Backs,5,Atlanta Braves,11
New York Yankees,3,Baltimore Orioles,11
Toronto Blue Jays,6,Boston Red Sox,2
Cleveland Indians,4,Chicago White Sox,3
San Francisco Giants,1,Colorado Rockies,2
LA Angels of Anaheim,7,Houston Astros,2
Philadelphia Phillies,3,Los Angeles Dodgers,4
San Diego Padres,1,Miami Marlins,7
Kansas City Royals,2,Minnesota Twins,6
Washington Nationals,1,New York Mets,5
St. Louis Cardinals,7,Oakland Athletics,1
Milwaukee Brewers,1,Pittsburgh Pirates,2
Chicago Cubs,5,Seattle Mariners,3
Detroit Tigers,3,Tampa Bay Rays,4
Cincinnati Reds,6,Texas Rangers,4
Arizona D'Backs,2,Atlanta Braves,6
New York Yankees,2,Baltimore Orioles,4
Toronto Blue Jays,4,Boston Red Sox,5
Cleveland Indians,4,Chicago White Sox,0
San Francisco Giants,5,Colorado Rockies,2
LA Angels of Anaheim,3,Houston Astros,1
Philadelphia Phillies,1,Los Angeles Dodgers,6
San Diego Padres,2,Miami Marlins,6
Kansas City Royals,9,Minnesota Twins,8
Washington Nationals,13,New York Mets,2
St. Louis Cardinals,5,Oakland Athletics,7
Milwaukee Brewers,1,Pittsburgh Pirates,2
Chicago Cubs,7,Seattle Mariners,6
Detroit Tigers,1,Tampa Bay Rays,3
Cincinnati Reds,2,Texas Rangers,3
San Francisco Giants,1,Cincinnati Reds,8
Tampa Bay Rays,12,Houston Astros,0
San Diego Padres,0,Miami Marlins,4
New York Yankees,10,Minnesota Twins,4
Arizona D'Backs,4,New York Mets,5
Detroit Tigers,3,Toronto Blue Jays,8
Milwaukee Brewers,5,Washington Nationals,10
St. Louis Cardinals,1,LA Angels of Anaheim,5
Miami Marlins,3,Atlanta Braves,11
San Diego Padres,1,Boston Red Sox,4
Baltimore Orioles,2,Chicago White Sox,5
San Francisco Giants,0,Cincinnati Reds,3
Los Angeles Dodgers,8,Colorado Rockies,0
Tampa Bay Rays,8,Houston Astros,0
Cleveland Indians,6,Kansas City Royals,5
New York Yankees,7,Minnesota Twins,3
Arizona D'Backs,1,New York Mets,9
Chicago Cubs,7,Oakland Athletics,8
Philadelphia Phillies,3,Pittsburgh Pirates,1
Seattle Mariners,9,Texas Rangers,2
Detroit Tigers,7,Toronto Blue Jays,6
Milwaukee Brewers,4,Washington Nationals,0
St. Louis Cardinals,12,LA Angels of Anaheim,2
Miami Marlins,6,Atlanta Braves,3
San Diego Padres,1,Boston Red Sox,2
Baltimore Orioles,4,Chicago White Sox,2
San Francisco Giants,2,Cincinnati Reds,3
Los Angeles Dodgers,10,Colorado Rockies,8
Tampa Bay Rays,1,Houston Astros,4
Cleveland Indians,5,Kansas City Royals,6
New York Yankees,3,Minnesota Twins,2
Arizona D'Backs,5,New York Mets,3
Chicago Cubs,3,Oakland Athletics,1
Philadelphia Phillies,5,Pittsburgh Pirates,6
Seattle Mariners,4,Texas Rangers,2
Detroit Tigers,6,Toronto Blue Jays,2
Milwaukee Brewers,4,Washington Nationals,1
St. Louis Cardinals,5,LA Angels of Anaheim,6
Miami Marlins,4,Atlanta Braves,3
San Diego Padres,2,Boston Red Sox,8
Baltimore Orioles,2,Chicago White Sox,3
Los Angeles Dodgers,5,Colorado Rockies,9
Tampa Bay Rays,7,Houston Astros,5
Cleveland Indians,7,Kansas City Royals,10
New York Yankees,9,Minnesota Twins,5
Arizona D'Backs,5,New York Mets,4
Chicago Cubs,0,Oakland Athletics,1
Philadelphia Phillies,6,Pittsburgh Pirates,4
Seattle Mariners,4,Texas Rangers,5
Detroit Tigers,11,Toronto Blue Jays,1
Milwaukee Brewers,5,Washington Nationals,8
Boston Red Sox,6,LA Angels of Anaheim,2
Colorado Rockies,0,Arizona D'Backs,5
Pittsburgh Pirates,6,Chicago Cubs,2
Seattle Mariners,4,Cincinnati Reds,2
Detroit Tigers,7,Cleveland Indians,0
Oakland Athletics,6,Kansas City Royals,3
New York Mets,12,Milwaukee Brewers,5
Baltimore Orioles,2,New York Yankees,3
Atlanta Braves,4,Philadelphia Phillies,5
Los Angeles Dodgers,10,San Francisco Giants,2
Miami Marlins,1,St. Louis Cardinals,4
Chicago White Sox,3,Tampa Bay Rays,8
Houston Astros,5,Texas Rangers,10
Minnesota Twins,0,Toronto Blue Jays,4
San Diego Padres,5,Washington Nationals,8
Boston Red Sox,7,LA Angels of Anaheim,9
Colorado Rockies,1,Arizona D'Backs,11
Pittsburgh Pirates,1,Chicago Cubs,4
Seattle Mariners,4,Cincinnati Reds,13
Detroit Tigers,9,Cleveland Indians,4
Oakland Athletics,3,Kansas City Royals,4
New York Mets,6,Milwaukee Brewers,7
Baltimore Orioles,4,New York Yankees,5
Atlanta Braves,13,Philadelphia Phillies,4
Los Angeles Dodgers,2,San Francisco Giants,4
Miami Marlins,4,St. Louis Cardinals,5
Chicago White Sox,0,Tampa Bay Rays,3
Houston Astros,9,Texas Rangers,5
Minnesota Twins,6,Toronto Blue Jays,0
San Diego Padres,4,Washington Nationals,5
Boston Red Sox,0,LA Angels of Anaheim,3
Colorado Rockies,1,Arizona D'Backs,6
Pittsburgh Pirates,3,Chicago Cubs,4
Seattle Mariners,3,Cincinnati Reds,1
Detroit Tigers,6,Cleveland Indians,9
Oakland Athletics,10,Kansas City Royals,4
New York Mets,2,Milwaukee Brewers,1
Baltimore Orioles,2,New York Yankees,1
Atlanta Braves,3,Philadelphia Phillies,7
Los Angeles Dodgers,4,San Francisco Giants,1
Miami Marlins,2,St. Louis Cardinals,3
Chicago White Sox,1,Tampa Bay Rays,3
Houston Astros,4,Texas Rangers,5
Minnesota Twins,5,Toronto Blue Jays,11
San Diego Padres,7,Washington Nationals,11
Los Angeles Dodgers,6,Arizona D'Backs,1
Texas Rangers,8,Baltimore Orioles,5
Chicago Cubs,8,Chicago White Sox,2
Detroit Tigers,4,Cleveland Indians,2
Atlanta Braves,7,Miami Marlins,1
Cincinnati Reds,3,Milwaukee Brewers,4
Kansas City Royals,5,New York Yankees,1
Washington Nationals,2,Philadelphia Phillies,3
Oakland Athletics,2,Pittsburgh Pirates,1
Colorado Rockies,4,San Diego Padres,2
Boston Red Sox,4,Seattle Mariners,11
New York Mets,4,San Francisco Giants,3
Minnesota Twins,4,Tampa Bay Rays,7
Los Angeles Dodgers,6,Arizona D'Backs,1
Texas Rangers,8,Baltimore Orioles,4
LA Angels of Anaheim,2,Chicago Cubs,7
Toronto Blue Jays,0,Cleveland Indians,3
Chicago White Sox,11,Detroit Tigers,4
Atlanta Braves,6,Miami Marlins,4
Cincinnati Reds,0,Milwaukee Brewers,2
Kansas City Royals,3,New York Yankees,1
Washington Nationals,2,Philadelphia Phillies,4
Oakland Athletics,2,Pittsburgh Pirates,1
Colorado Rockies,1,San Diego Padres,2
Boston Red Sox,11,Seattle Mariners,8
New York Mets,10,San Francisco Giants,6
Houston Astros,5,St. Louis Cardinals,9
Minnesota Twins,1,Tampa Bay Rays,4
Los Angeles Dodgers,7,Arizona D'Backs,5
Texas Rangers,1,Baltimore Orioles,6
LA Angels of Anaheim,13,Chicago Cubs,2
Toronto Blue Jays,5,Cleveland Indians,4
Chicago White Sox,5,Detroit Tigers,8
Atlanta Braves,2,Miami Marlins,6
Cincinnati Reds,6,Milwaukee Brewers,2
Kansas City Royals,1,New York Yankees,8
Washington Nationals,5,Philadelphia Phillies,1
Oakland Athletics,0,Pittsburgh Pirates,5
Colorado Rockies,5,San Diego Padres,4
Boston Red Sox,11,Seattle Mariners,4
New York Mets,7,San Francisco Giants,2
Houston Astros,4,St. Louis Cardinals,5
Minnesota Twins,3,Tampa Bay Rays,4
Milwaukee Brewers,3,Arizona D'Backs,5
Cincinnati Reds,5,Atlanta Braves,6
Texas Rangers,1,Baltimore Orioles,3
St. Louis Cardinals,0,Chicago Cubs,3
Toronto Blue Jays,2,Cleveland Indians,4
Chicago White Sox,6,Detroit Tigers,3
Colorado Rockies,1,Los Angeles Dodgers,6
Kansas City Royals,4,New York Yankees,8
Washington Nationals,1,Philadelphia Phillies,3
San Francisco Giants,4,San Diego Padres,2
Boston Red Sox,8,Seattle Mariners,7
Minnesota Twins,3,Tampa Bay Rays,4
Milwaukee Brewers,1,Arizona D'Backs,2
Cincinnati Reds,4,Atlanta Braves,2
Toronto Blue Jays,5,Baltimore Orioles,8
St. Louis Cardinals,3,Chicago Cubs,2
Kansas City Royals,0,Cleveland Indians,3
Texas Rangers,2,Detroit Tigers,7
Colorado Rockies,3,Los Angeles Dodgers,0
Washington Nationals,3,Miami Marlins,8
Minnesota Twins,0,New York Yankees,2
Boston Red Sox,4,Oakland Athletics,2
New York Mets,2,Pittsburgh Pirates,3
San Francisco Giants,10,San Diego Padres,1
LA Angels of Anaheim,3,Seattle Mariners,8
Houston Astros,2,Tampa Bay Rays,1
Milwaukee Brewers,4,Arizona D'Backs,5
Cincinnati Reds,2,Atlanta Braves,5
Toronto Blue Jays,7,Baltimore Orioles,3
St. Louis Cardinals,4,Chicago Cubs,6
Kansas City Royals,3,Cleveland Indians,5
Texas Rangers,7,Detroit Tigers,1
Colorado Rockies,0,Los Angeles Dodgers,1
Washington Nationals,1,Miami Marlins,2
Minnesota Twins,4,New York Yankees,1
Boston Red Sox,0,Oakland Athletics,3
Chicago White Sox,5,Philadelphia Phillies,4
Chicago White Sox,1,Philadelphia Phillies,2
New York Mets,2,Pittsburgh Pirates,4
San Francisco Giants,9,San Diego Padres,0
LA Angels of Anaheim,0,Seattle Mariners,6
Houston Astros,3,Tampa Bay Rays,4
Milwaukee Brewers,5,Arizona D'Backs,1
Cincinnati Reds,8,Atlanta Braves,4
Toronto Blue Jays,4,Baltimore Orioles,7
St. Louis Cardinals,10,Chicago Cubs,6
Kansas City Royals,4,Cleveland Indians,6
Texas Rangers,0,Detroit Tigers,5
Colorado Rockies,3,Los Angeles Dodgers,1
Washington Nationals,5,Miami Marlins,2
Minnesota Twins,10,New York Yankees,4
Boston Red Sox,2,Oakland Athletics,3
Chicago White Sox,3,Philadelphia Phillies,4
New York Mets,4,Pittsburgh Pirates,2
San Francisco Giants,1,San Diego Padres,10
LA Angels of Anaheim,3,Seattle Mariners,4
Houston Astros,0,Tampa Bay Rays,5
Oakland Athletics,1,LA Angels of Anaheim,4
New York Yankees,2,Boston Red Sox,4
Atlanta Braves,6,Chicago White Sox,4
Pittsburgh Pirates,3,Cincinnati Reds,5
Chicago Cubs,3,Colorado Rockies,1
Seattle Mariners,10,Houston Astros,7
Detroit Tigers,0,Kansas City Royals,1
Miami Marlins,0,Milwaukee Brewers,2
Cleveland Indians,2,Minnesota Twins,3
Philadelphia Phillies,13,New York Mets,8
Arizona D'Backs,0,San Francisco Giants,2
San Diego Padres,6,St. Louis Cardinals,9
Baltimore Orioles,3,Texas Rangers,1
Tampa Bay Rays,8,Toronto Blue Jays,5
Los Angeles Dodgers,3,Washington Nationals,2
Oakland Athletics,0,LA Angels of Anaheim,2
New York Yankees,5,Boston Red Sox,2
Atlanta Braves,6,Chicago White Sox,10
Pittsburgh Pirates,4,Cincinnati Reds,5
Chicago Cubs,3,Colorado Rockies,9
Seattle Mariners,4,Houston Astros,2
Detroit Tigers,5,Kansas City Royals,6
Miami Marlins,0,Milwaukee Brewers,6
Cleveland Indians,2,Minnesota Twins,3
Philadelphia Phillies,4,New York Mets,5
Arizona D'Backs,3,San Francisco Giants,4
San Diego Padres,5,St. Louis Cardinals,3
Baltimore Orioles,7,Texas Rangers,4
Tampa Bay Rays,4,Toronto Blue Jays,3
Los Angeles Dodgers,3,Washington Nationals,1
Oakland Athletics,6,LA Angels of Anaheim,0
New York Yankees,7,Boston Red Sox,8
Atlanta Braves,1,Chicago White Sox,3
Pittsburgh Pirates,3,Cincinnati Reds,2
Chicago Cubs,3,Colorado Rockies,4
Seattle Mariners,12,Houston Astros,5
Detroit Tigers,4,Kansas City Royals,1
Miami Marlins,0,Milwaukee Brewers,1
Cleveland Indians,7,Minnesota Twins,1
Philadelphia Phillies,0,New York Mets,5
Arizona D'Backs,3,San Francisco Giants,1
San Diego Padres,2,St. Louis Cardinals,3
Baltimore Orioles,4,Texas Rangers,2
Tampa Bay Rays,4,Toronto Blue Jays,3
Los Angeles Dodgers,9,Washington Nationals,2
Minnesota Twins,4,LA Angels of Anaheim,3
Chicago Cubs,4,Arizona D'Backs,2
Tampa Bay Rays,3,Boston Red Sox,0
Detroit Tigers,7,Chicago White Sox,3
Miami Marlins,3,Colorado Rockies,1
Oakland Athletics,4,Houston Astros,3
Baltimore Orioles,9,Kansas City Royals,2
San Diego Padres,5,Milwaukee Brewers,3
Atlanta Braves,2,New York Mets,1
Cleveland Indians,1,Seattle Mariners,2
Cincinnati Reds,11,San Francisco Giants,0
New York Yankees,0,Texas Rangers,3
Los Angeles Dodgers,14,Toronto Blue Jays,5
Pittsburgh Pirates,6,Washington Nationals,5
Minnesota Twins,10,LA Angels of Anaheim,3
Chicago Cubs,4,Arizona D'Backs,10
Tampa Bay Rays,2,Boston Red Sox,6
Detroit Tigers,6,Chicago White Sox,2
Miami Marlins,4,Colorado Rockies,2
Oakland Athletics,4,Houston Astros,5
Baltimore Orioles,2,Kansas City Royals,3
San Diego Padres,6,Milwaukee Brewers,2
Atlanta Braves,1,New York Mets,4
Cleveland Indians,3,Seattle Mariners,4
Cincinnati Reds,9,San Francisco Giants,3
Cincinnati Reds,3,San Francisco Giants,5
Philadelphia Phillies,1,St. Louis Cardinals,4
New York Yankees,5,Texas Rangers,4
Los Angeles Dodgers,10,Toronto Blue Jays,9
Pittsburgh Pirates,5,Washington Nationals,1
Minnesota Twins,0,LA Angels of Anaheim,1
Chicago Cubs,7,Arizona D'Backs,6
Tampa Bay Rays,5,Boston Red Sox,1
Detroit Tigers,6,Chicago White Sox,2
Miami Marlins,1,Colorado Rockies,2
Oakland Athletics,4,Houston Astros,3
Baltimore Orioles,3,Kansas City Royals,4
San Diego Padres,1,Milwaukee Brewers,3
Atlanta Braves,8,New York Mets,2
Cleveland Indians,10,Seattle Mariners,1
Cincinnati Reds,8,San Francisco Giants,3
Philadelphia Phillies,3,St. Louis Cardinals,11
New York Yankees,1,Texas Rangers,3
Los Angeles Dodgers,8,Toronto Blue Jays,3
Pittsburgh Pirates,4,Washington Nationals,2
Chicago Cubs,1,Arizona D'Backs,3
Detroit Tigers,4,Chicago White Sox,7
Miami Marlins,5,Colorado Rockies,3
Baltimore Orioles,1,Kansas City Royals,7
Cincinnati Reds,5,Los Angeles Dodgers,2
San Diego Padres,10,Milwaukee Brewers,8
Atlanta Braves,4,New York Mets,7
LA Angels of Anaheim,8,Oakland Athletics,3
Minnesota Twins,2,Seattle Mariners,8
Philadelphia Phillies,1,St. Louis Cardinals,3
New York Yankees,2,Texas Rangers,0
Houston Astros,0,Toronto Blue Jays,4
Pittsburgh Pirates,7,Washington Nationals,9
San Diego Padres,0,Arizona D'Backs,10
St. Louis Cardinals,1,Atlanta Braves,4
Boston Red Sox,0,Baltimore Orioles,6
Kansas City Royals,5,Chicago White Sox,1
Texas Rangers,8,Cleveland Indians,11
Milwaukee Brewers,3,Colorado Rockies,8
Philadelphia Phillies,1,Detroit Tigers,2
Cincinnati Reds,1,Los Angeles Dodgers,2
Pittsburgh Pirates,0,Miami Marlins,2
Tampa Bay Rays,10,New York Yankees,6
LA Angels of Anaheim,4,Oakland Athletics,6
Minnesota Twins,3,Seattle Mariners,2
Chicago Cubs,3,San Francisco Giants,2
Houston Astros,6,Toronto Blue Jays,12
New York Mets,11,Washington Nationals,0
New York Mets,1,Washington Nationals,2
San Diego Padres,12,Arizona D'Backs,3
St. Louis Cardinals,0,Atlanta Braves,2
Boston Red Sox,7,Baltimore Orioles,3
Kansas City Royals,1,Chicago White Sox,0
Texas Rangers,0,Cleveland Indians,1
Milwaukee Brewers,7,Colorado Rockies,5
Philadelphia Phillies,0,Detroit Tigers,10
Cincinnati Reds,1,Los Angeles Dodgers,4
Pittsburgh Pirates,7,Miami Marlins,4
Tampa Bay Rays,1,New York Yankees,0
LA Angels of Anaheim,1,Oakland Athletics,3
Minnesota Twins,4,Seattle Mariners,0
Chicago Cubs,1,San Francisco Giants,0
Houston Astros,8,Toronto Blue Jays,6
New York Mets,1,Washington Nationals,4
San Diego Padres,1,Arizona D'Backs,0
St. Louis Cardinals,2,Atlanta Braves,5
Boston Red Sox,5,Baltimore Orioles,0
Kansas City Royals,4,Chicago White Sox,2
Texas Rangers,0,Cleveland Indians,6
Milwaukee Brewers,5,Colorado Rockies,6
Philadelphia Phillies,4,Detroit Tigers,12
Cincinnati Reds,0,Los Angeles Dodgers,1
Pittsburgh Pirates,2,Miami Marlins,3
Tampa Bay Rays,5,New York Yankees,6
LA Angels of Anaheim,6,Oakland Athletics,10
Minnesota Twins,4,Seattle Mariners,6
Chicago Cubs,2,San Francisco Giants,1
Houston Astros,1,Toronto Blue Jays,2
New York Mets,1,Washington Nationals,14
Colorado Rockies,8,Atlanta Braves,9
Tampa Bay Rays,2,Boston Red Sox,1
Milwaukee Brewers,5,Chicago Cubs,0
Chicago White Sox,2,Cleveland Indians,3
New York Mets,6,Miami Marlins,5
Toronto Blue Jays,4,Oakland Athletics,9
St. Louis Cardinals,2,Pittsburgh Pirates,9
Cincinnati Reds,1,San Diego Padres,2
LA Angels of Anaheim,3,Texas Rangers,4
Colorado Rockies,3,Atlanta Braves,11
Houston Astros,3,Baltimore Orioles,4
Seattle Mariners,2,Boston Red Sox,8
Milwaukee Brewers,6,Chicago Cubs,5
Milwaukee Brewers,3,Chicago Cubs,2
Chicago White Sox,4,Cleveland Indians,7
Washington Nationals,1,Detroit Tigers,5
New York Yankees,2,Los Angeles Dodgers,3
New York Mets,4,Miami Marlins,2
Kansas City Royals,7,Minnesota Twins,2
Toronto Blue Jays,5,Oakland Athletics,0
San Francisco Giants,3,Philadelphia Phillies,7
St. Louis Cardinals,1,Pittsburgh Pirates,2
St. Louis Cardinals,0,Pittsburgh Pirates,6
Cincinnati Reds,2,San Diego Padres,4
Arizona D'Backs,2,Tampa Bay Rays,5
LA Angels of Anaheim,11,Texas Rangers,14
Colorado Rockies,0,Atlanta Braves,9
Houston Astros,11,Baltimore Orioles,0
Seattle Mariners,4,Boston Red Sox,5
Milwaukee Brewers,1,Chicago Cubs,6
Chicago White Sox,5,Cleveland Indians,6
Washington Nationals,1,Detroit Tigers,11
New York Yankees,3,Los Angeles Dodgers,0
New York Mets,2,Miami Marlins,3
Kansas City Royals,4,Minnesota Twins,3
Toronto Blue Jays,5,Oakland Athletics,2
San Francisco Giants,9,Philadelphia Phillies,2
St. Louis Cardinals,4,Pittsburgh Pirates,5
Cincinnati Reds,4,San Diego Padres,1
Arizona D'Backs,7,Tampa Bay Rays,0
LA Angels of Anaheim,1,Texas Rangers,2
Toronto Blue Jays,2,LA Angels of Anaheim,8
Colorado Rockies,2,Atlanta Braves,11
Houston Astros,3,Baltimore Orioles,6
Seattle Mariners,7,Boston Red Sox,8
Los Angeles Dodgers,6,Chicago Cubs,4
Chicago White Sox,1,Cleveland Indians,6
New York Mets,0,Miami Marlins,3
Kansas City Royals,7,Minnesota Twins,2
San Francisco Giants,2,Philadelphia Phillies,1
St. Louis Cardinals,13,Pittsburgh Pirates,0
Arizona D'Backs,1,Texas Rangers,7
Toronto Blue Jays,5,LA Angels of Anaheim,7
Seattle Mariners,8,Baltimore Orioles,11
Arizona D'Backs,7,Boston Red Sox,6
Los Angeles Dodgers,6,Chicago Cubs,2
St. Louis Cardinals,13,Cincinnati Reds,3
Chicago White Sox,1,Detroit Tigers,2
Cleveland Indians,0,Miami Marlins,10
Washington Nationals,4,Milwaukee Brewers,1
Houston Astros,3,Minnesota Twins,4
Kansas City Royals,2,New York Mets,4
Texas Rangers,8,Oakland Athletics,3
Atlanta Braves,6,Philadelphia Phillies,4
Colorado Rockies,4,Pittsburgh Pirates,2
New York Yankees,2,San Diego Padres,7
San Francisco Giants,4,Tampa Bay Rays,1
Toronto Blue Jays,3,LA Angels of Anaheim,7
Seattle Mariners,8,Baltimore Orioles,4
Arizona D'Backs,2,Boston Red Sox,5
Los Angeles Dodgers,3,Chicago Cubs,0
St. Louis Cardinals,3,Cincinnati Reds,8
Chicago White Sox,0,Detroit Tigers,3
Cleveland Indians,4,Miami Marlins,3
Washington Nationals,3,Milwaukee Brewers,0
Houston Astros,4,Minnesota Twins,6
Kansas City Royals,4,New York Mets,3
Texas Rangers,2,Oakland Athletics,4
Atlanta Braves,5,Philadelphia Phillies,4
Colorado Rockies,2,Pittsburgh Pirates,5
New York Yankees,3,San Diego Padres,0
San Francisco Giants,1,Tampa Bay Rays,2
Toronto Blue Jays,6,LA Angels of Anaheim,5
Seattle Mariners,3,Baltimore Orioles,2
Arizona D'Backs,0,Boston Red Sox,4
Los Angeles Dodgers,1,Chicago Cubs,0
St. Louis Cardinals,15,Cincinnati Reds,2
Chicago White Sox,2,Detroit Tigers,3
Cleveland Indians,2,Miami Marlins,0
Washington Nationals,5,Milwaukee Brewers,8
Houston Astros,2,Minnesota Twins,3
Kansas City Royals,6,New York Mets,2
Texas Rangers,4,Oakland Athletics,0
Atlanta Braves,4,Philadelphia Phillies,1
Colorado Rockies,1,Pittsburgh Pirates,5
New York Yankees,3,San Diego Padres,6
San Francisco Giants,3,Tampa Bay Rays,4
Texas Rangers,5,LA Angels of Anaheim,2
New York Yankees,1,Chicago White Sox,8
Detroit Tigers,4,Cleveland Indians,2
Boston Red Sox,0,Houston Astros,2
Minnesota Twins,0,Kansas City Royals,13
Toronto Blue Jays,3,Seattle Mariners,1
Milwaukee Brewers,2,San Francisco Giants,4
Los Angeles Dodgers,3,St. Louis Cardinals,2
Atlanta Braves,3,Washington Nationals,2
Texas Rangers,8,LA Angels of Anaheim,3
Tampa Bay Rays,1,Arizona D'Backs,6
New York Yankees,2,Chicago White Sox,3
Oakland Athletics,1,Cincinnati Reds,3
Detroit Tigers,5,Cleveland Indians,1
Boston Red Sox,15,Houston Astros,10
Minnesota Twins,7,Kansas City Royals,0
Colorado Rockies,2,New York Mets,3
Chicago Cubs,8,Philadelphia Phillies,9
Miami Marlins,3,Pittsburgh Pirates,4
Baltimore Orioles,4,San Diego Padres,1
Toronto Blue Jays,7,Seattle Mariners,2
Milwaukee Brewers,3,San Francisco Giants,1
Los Angeles Dodgers,1,St. Louis Cardinals,5
Atlanta Braves,2,Washington Nationals,1
Texas Rangers,10,LA Angels of Anaheim,3
Tampa Bay Rays,8,Arizona D'Backs,9
New York Yankees,5,Chicago White Sox,6
Oakland Athletics,5,Cincinnati Reds,6
Detroit Tigers,6,Cleveland Indians,5
Boston Red Sox,7,Houston Astros,5
Minnesota Twins,2,Kansas City Royals,5
Colorado Rockies,0,New York Mets,5
Chicago Cubs,5,Philadelphia Phillies,2
Miami Marlins,2,Pittsburgh Pirates,4
Baltimore Orioles,10,San Diego Padres,3
Toronto Blue Jays,7,Seattle Mariners,9
Milwaukee Brewers,6,San Francisco Giants,1
Los Angeles Dodgers,13,St. Louis Cardinals,4
Atlanta Braves,6,Washington Nationals,3
Detroit Tigers,10,Cleveland Indians,3
Boston Red Sox,1,Kansas City Royals,5
Colorado Rockies,1,New York Mets,2
Chicago Cubs,1,Philadelphia Phillies,12
Miami Marlins,4,Pittsburgh Pirates,5
Milwaukee Brewers,1,San Francisco Giants,4
Los Angeles Dodgers,5,St. Louis Cardinals,1
New York Mets,4,Arizona D'Backs,5
Miami Marlins,0,Atlanta Braves,5
Minnesota Twins,7,Chicago White Sox,5
Minnesota Twins,3,Chicago White Sox,2
San Diego Padres,2,Cincinnati Reds,7
LA Angels of Anaheim,5,Cleveland Indians,2
Pittsburgh Pirates,1,Colorado Rockies,10
Texas Rangers,9,Houston Astros,5
Boston Red Sox,6,Kansas City Royals,9
Tampa Bay Rays,6,Los Angeles Dodgers,7
Detroit Tigers,3,New York Yankees,4
Milwaukee Brewers,10,Seattle Mariners,5
Baltimore Orioles,5,San Francisco Giants,2
Chicago Cubs,3,St. Louis Cardinals,0
Oakland Athletics,14,Toronto Blue Jays,6
Philadelphia Phillies,2,Washington Nationals,9
New York Mets,4,Arizona D'Backs,1
Miami Marlins,1,Atlanta Braves,0
Minnesota Twins,4,Chicago White Sox,5
San Diego Padres,3,Cincinnati Reds,1
LA Angels of Anaheim,7,Cleveland Indians,2
Pittsburgh Pirates,4,Colorado Rockies,6
Texas Rangers,5,Houston Astros,4
Boston Red Sox,5,Kansas City Royals,3
Tampa Bay Rays,0,Los Angeles Dodgers,5
Detroit Tigers,9,New York Yankees,3
Milwaukee Brewers,10,Seattle Mariners,0
Baltimore Orioles,2,San Francisco Giants,3
Chicago Cubs,6,St. Louis Cardinals,5
Oakland Athletics,4,Toronto Blue Jays,5
Philadelphia Phillies,5,Washington Nationals,8
New York Mets,9,Arizona D'Backs,5
Miami Marlins,4,Atlanta Braves,9
Minnesota Twins,5,Chicago White Sox,2
San Diego Padres,2,Cincinnati Reds,3
LA Angels of Anaheim,5,Cleveland Indians,6
Pittsburgh Pirates,2,Colorado Rockies,3
Texas Rangers,6,Houston Astros,1
Boston Red Sox,3,Kansas City Royals,4
Tampa Bay Rays,2,Los Angeles Dodgers,8
Detroit Tigers,4,New York Yankees,5
Milwaukee Brewers,0,Seattle Mariners,2
Baltimore Orioles,10,San Francisco Giants,2
Chicago Cubs,4,St. Louis Cardinals,8
Oakland Athletics,6,Toronto Blue Jays,4
Philadelphia Phillies,0,Washington Nationals,6
Baltimore Orioles,6,Arizona D'Backs,7
Philadelphia Phillies,5,Atlanta Braves,1
Detroit Tigers,2,Chicago White Sox,6
Cincinnati Reds,2,Chicago Cubs,0
San Diego Padres,2,Colorado Rockies,14
Texas Rangers,2,Houston Astros,1
Miami Marlins,2,Kansas City Royals,6
New York Mets,2,Los Angeles Dodgers,4
Cleveland Indians,0,Minnesota Twins,3
LA Angels of Anaheim,1,New York Yankees,2
Oakland Athletics,5,Toronto Blue Jays,1
Baltimore Orioles,3,Arizona D'Backs,4
Philadelphia Phillies,1,Atlanta Braves,3
Detroit Tigers,3,Chicago White Sox,4
Cincinnati Reds,6,Chicago Cubs,4
San Diego Padres,7,Colorado Rockies,5
Miami Marlins,1,Kansas City Royals,0
New York Mets,2,Los Angeles Dodgers,4
Cleveland Indians,5,Minnesota Twins,2
LA Angels of Anaheim,7,New York Yankees,14
Houston Astros,5,Oakland Athletics,4
Pittsburgh Pirates,3,St. Louis Cardinals,4
Seattle Mariners,5,Tampa Bay Rays,4
Milwaukee Brewers,5,Texas Rangers,1
Boston Red Sox,4,Toronto Blue Jays,2
San Francisco Giants,2,Washington Nationals,4
Baltimore Orioles,4,Arizona D'Backs,5
Philadelphia Phillies,3,Atlanta Braves,6
Detroit Tigers,6,Chicago White Sox,4
Cincinnati Reds,5,Chicago Cubs,0
San Diego Padres,2,Colorado Rockies,4
Miami Marlins,5,Kansas City Royals,2
New York Mets,4,Los Angeles Dodgers,5
Cleveland Indians,9,Minnesota Twins,8
LA Angels of Anaheim,3,New York Yankees,11
Houston Astros,2,Oakland Athletics,1
Pittsburgh Pirates,5,St. Louis Cardinals,1
Seattle Mariners,4,Tampa Bay Rays,5
Milwaukee Brewers,4,Texas Rangers,5
Boston Red Sox,3,Toronto Blue Jays,4
San Francisco Giants,5,Washington Nationals,6
Kansas City Royals,1,Detroit Tigers,4
Cincinnati Reds,2,Milwaukee Brewers,1
Chicago White Sox,3,Minnesota Twins,4
LA Angels of Anaheim,8,New York Yankees,4
Houston Astros,0,Oakland Athletics,5
New York Mets,4,San Diego Padres,1
Pittsburgh Pirates,5,St. Louis Cardinals,6
Seattle Mariners,1,Tampa Bay Rays,7
Boston Red Sox,1,Toronto Blue Jays,2
San Francisco Giants,4,Washington Nationals,3
Houston Astros,8,LA Angels of Anaheim,2
Washington Nationals,2,Atlanta Braves,3
Colorado Rockies,6,Baltimore Orioles,3
New York Yankees,10,Boston Red Sox,3
St. Louis Cardinals,0,Chicago Cubs,7
Kansas City Royals,2,Detroit Tigers,1
Kansas City Royals,3,Detroit Tigers,0
San Francisco Giants,14,Miami Marlins,10
Cincinnati Reds,6,Milwaukee Brewers,7
Chicago White Sox,5,Minnesota Twins,2
Cleveland Indians,2,Oakland Athletics,3
Los Angeles Dodgers,4,Philadelphia Phillies,0
Arizona D'Backs,2,Pittsburgh Pirates,6
New York Mets,5,San Diego Padres,2
Toronto Blue Jays,4,Tampa Bay Rays,5
Seattle Mariners,3,Texas Rangers,1
Houston Astros,5,LA Angels of Anaheim,6
Washington Nationals,8,Atlanta Braves,7
Colorado Rockies,4,Baltimore Orioles,8
New York Yankees,1,Boston Red Sox,6
St. Louis Cardinals,4,Chicago Cubs,0
Kansas City Royals,5,Detroit Tigers,6
San Francisco Giants,6,Miami Marlins,4
Cincinnati Reds,0,Milwaukee Brewers,2
Chicago White Sox,8,Minnesota Twins,5
Cleveland Indians,7,Oakland Athletics,1
Los Angeles Dodgers,5,Philadelphia Phillies,0
Arizona D'Backs,15,Pittsburgh Pirates,5
New York Mets,2,San Diego Padres,8
Toronto Blue Jays,6,Tampa Bay Rays,2
Seattle Mariners,3,Texas Rangers,15
Houston Astros,7,LA Angels of Anaheim,5
Washington Nationals,1,Atlanta Braves,2
Colorado Rockies,2,Baltimore Orioles,7
New York Yankees,9,Boston Red Sox,6
St. Louis Cardinals,6,Chicago Cubs,1
Kansas City Royals,3,Detroit Tigers,6
San Francisco Giants,5,Miami Marlins,6
Cincinnati Reds,9,Milwaukee Brewers,1
Chicago White Sox,5,Minnesota Twins,2
Cleveland Indians,3,Oakland Athletics,7
Los Angeles Dodgers,2,Philadelphia Phillies,3
Arizona D'Backs,4,Pittsburgh Pirates,2
New York Mets,3,San Diego Padres,4
Toronto Blue Jays,1,Tampa Bay Rays,2
Seattle Mariners,4,Texas Rangers,3
Cleveland Indians,5,LA Angels of Anaheim,2
Tampa Bay Rays,4,Baltimore Orioles,3
Washington Nationals,1,Chicago Cubs,11
Arizona D'Backs,3,Cincinnati Reds,5
Los Angeles Dodgers,2,Miami Marlins,6
St. Louis Cardinals,8,Milwaukee Brewers,5
New York Mets,6,Minnesota Twins,1
Seattle Mariners,1,Oakland Athletics,2
Colorado Rockies,4,Philadelphia Phillies,5
Pittsburgh Pirates,3,San Diego Padres,1
Boston Red Sox,7,San Francisco Giants,0
Houston Astros,5,Texas Rangers,16
Cleveland Indians,4,LA Angels of Anaheim,1
Tampa Bay Rays,7,Baltimore Orioles,4
Washington Nationals,4,Chicago Cubs,2
Arizona D'Backs,5,Cincinnati Reds,2
Minnesota Twins,6,Detroit Tigers,3
Chicago White Sox,2,Kansas City Royals,0
Los Angeles Dodgers,6,Miami Marlins,4
St. Louis Cardinals,3,Milwaukee Brewers,6
Toronto Blue Jays,4,New York Yankees,8
Toronto Blue Jays,2,New York Yankees,3
Atlanta Braves,3,New York Mets,5
Seattle Mariners,7,Oakland Athletics,4
Colorado Rockies,5,Philadelphia Phillies,3
Pittsburgh Pirates,8,San Diego Padres,1
Boston Red Sox,2,San Francisco Giants,3
Houston Astros,2,Texas Rangers,4
Cleveland Indians,3,LA Angels of Anaheim,1
Tampa Bay Rays,2,Baltimore Orioles,4
Washington Nationals,11,Chicago Cubs,6
Arizona D'Backs,7,Cincinnati Reds,10
Minnesota Twins,1,Detroit Tigers,7
Chicago White Sox,5,Kansas City Royals,2
Los Angeles Dodgers,4,Miami Marlins,1
St. Louis Cardinals,8,Milwaukee Brewers,6
Toronto Blue Jays,2,New York Yankees,4
Atlanta Braves,4,New York Mets,1
Seattle Mariners,5,Oakland Athletics,3
Colorado Rockies,3,Philadelphia Phillies,4
Pittsburgh Pirates,1,San Diego Padres,2
Boston Red Sox,12,San Francisco Giants,1
Houston Astros,4,Texas Rangers,5
Washington Nationals,5,Chicago Cubs,4
Arizona D'Backs,1,Cincinnati Reds,2
Minnesota Twins,7,Detroit Tigers,6
Chicago White Sox,4,Kansas City Royals,3
Los Angeles Dodgers,6,Miami Marlins,0
Toronto Blue Jays,3,New York Yankees,5
Colorado Rockies,4,Philadelphia Phillies,5
Pittsburgh Pirates,10,San Francisco Giants,5
Atlanta Braves,2,St. Louis Cardinals,6
Oakland Athletics,7,Baltimore Orioles,9
Texas Rangers,11,Chicago White Sox,5
Milwaukee Brewers,6,Cincinnati Reds,4
Minnesota Twins,5,Cleveland Indians,1
Toronto Blue Jays,4,Houston Astros,12
Washington Nationals,11,Kansas City Royals,10
Boston Red Sox,0,Los Angeles Dodgers,2
Colorado Rockies,3,Miami Marlins,2
Detroit Tigers,6,New York Mets,1
Arizona D'Backs,3,Philadelphia Phillies,4
Chicago Cubs,6,San Diego Padres,8
LA Angels of Anaheim,2,Seattle Mariners,0
Pittsburgh Pirates,3,San Francisco Giants,1
Atlanta Braves,1,St. Louis Cardinals,3
New York Yankees,2,Tampa Bay Rays,7
Oakland Athletics,2,Baltimore Orioles,1
Texas Rangers,2,Chicago White Sox,3
Milwaukee Brewers,3,Cincinnati Reds,6
Minnesota Twins,2,Cleveland Indians,7
Toronto Blue Jays,5,Houston Astros,8
Washington Nationals,7,Kansas City Royals,2
Boston Red Sox,4,Los Angeles Dodgers,2
Colorado Rockies,0,Miami Marlins,3
Detroit Tigers,3,New York Mets,0
Arizona D'Backs,12,Philadelphia Phillies,7
Chicago Cubs,3,San Diego Padres,2
LA Angels of Anaheim,5,Seattle Mariners,1
Pittsburgh Pirates,3,San Francisco Giants,6
Atlanta Braves,2,St. Louis Cardinals,6
New York Yankees,2,Tampa Bay Rays,4
Oakland Athletics,3,Baltimore Orioles,10
Texas Rangers,2,Chicago White Sox,5
Milwaukee Brewers,3,Cincinnati Reds,1
Minnesota Twins,1,Cleveland Indians,3
Toronto Blue Jays,2,Houston Astros,1
Washington Nationals,4,Kansas City Royals,6
Boston Red Sox,8,Los Angeles Dodgers,1
Colorado Rockies,4,Miami Marlins,3
Detroit Tigers,11,New York Mets,3
Arizona D'Backs,5,Philadelphia Phillies,9
Chicago Cubs,2,San Diego Padres,3
LA Angels of Anaheim,7,Seattle Mariners,1
Pittsburgh Pirates,0,San Francisco Giants,4
Atlanta Braves,5,St. Louis Cardinals,2
New York Yankees,3,Tampa Bay Rays,2
San Diego Padres,1,Arizona D'Backs,6
Houston Astros,10,Chicago White Sox,8
San Francisco Giants,1,Colorado Rockies,6
Oakland Athletics,8,Detroit Tigers,6
Tampa Bay Rays,1,Kansas City Royals,11
Chicago Cubs,2,Los Angeles Dodgers,6
Philadelphia Phillies,2,New York Mets,1
Texas Rangers,8,Seattle Mariners,3
Cincinnati Reds,6,St. Louis Cardinals,8
New York Yankees,2,Toronto Blue Jays,5
San Diego Padres,9,Arizona D'Backs,10
Cleveland Indians,0,Atlanta Braves,2
Baltimore Orioles,2,Boston Red Sox,13
Houston Astros,3,Chicago White Sox,4
San Francisco Giants,5,Colorado Rockies,3
Oakland Athletics,6,Detroit Tigers,3
Chicago Cubs,3,Los Angeles Dodgers,2
Kansas City Royals,6,Minnesota Twins,1
Philadelphia Phillies,0,New York Mets,5
Milwaukee Brewers,7,Pittsburgh Pirates,6
Texas Rangers,4,Seattle Mariners,3
Cincinnati Reds,1,St. Louis Cardinals,6
LA Angels of Anaheim,6,Tampa Bay Rays,5
New York Yankees,7,Toronto Blue Jays,1
Miami Marlins,1,Washington Nationals,2
San Diego Padres,5,Arizona D'Backs,1
Cleveland Indians,2,Atlanta Braves,3
Baltimore Orioles,3,Boston Red Sox,4
Houston Astros,1,Chicago White Sox,6
San Francisco Giants,4,Colorado Rockies,5
Oakland Athletics,14,Detroit Tigers,4
Chicago Cubs,0,Los Angeles Dodgers,4
Kansas City Royals,8,Minnesota Twins,1
Philadelphia Phillies,6,New York Mets,2
Milwaukee Brewers,1,Pittsburgh Pirates,7
Texas Rangers,12,Seattle Mariners,4
Cincinnati Reds,10,St. Louis Cardinals,0
LA Angels of Anaheim,1,Tampa Bay Rays,4
New York Yankees,2,Toronto Blue Jays,7
Miami Marlins,3,Washington Nationals,4
Cleveland Indians,1,Atlanta Braves,3
Baltimore Orioles,3,Boston Red Sox,2
Oakland Athletics,6,Detroit Tigers,7
Seattle Mariners,3,Houston Astros,2
Kansas City Royals,3,Minnesota Twins,1
Philadelphia Phillies,3,New York Mets,11
Milwaukee Brewers,4,Pittsburgh Pirates,0
LA Angels of Anaheim,2,Tampa Bay Rays,0
Miami Marlins,0,Washington Nationals,9
San Francisco Giants,1,Arizona D'Backs,0
Miami Marlins,1,Atlanta Braves,2
Chicago White Sox,3,Boston Red Sox,4
Philadelphia Phillies,6,Chicago Cubs,5
Cincinnati Reds,6,Colorado Rockies,9
Cleveland Indians,2,Detroit Tigers,7
Seattle Mariners,7,Houston Astros,1
San Diego Padres,2,Los Angeles Dodgers,9
LA Angels of Anaheim,5,Milwaukee Brewers,0
Baltimore Orioles,5,New York Yankees,8
Tampa Bay Rays,3,Oakland Athletics,4
St. Louis Cardinals,0,Pittsburgh Pirates,5
Minnesota Twins,3,Texas Rangers,2
Kansas City Royals,2,Toronto Blue Jays,3
New York Mets,3,Washington Nationals,2
San Francisco Giants,3,Arizona D'Backs,4
Miami Marlins,4,Atlanta Braves,5
Chicago White Sox,2,Boston Red Sox,7
Philadelphia Phillies,3,Chicago Cubs,4
Cincinnati Reds,8,Colorado Rockies,3
Cleveland Indians,5,Detroit Tigers,10
Seattle Mariners,3,Houston Astros,1
San Diego Padres,1,Los Angeles Dodgers,2
LA Angels of Anaheim,6,Milwaukee Brewers,5
Baltimore Orioles,0,New York Yankees,2
Tampa Bay Rays,1,Oakland Athletics,2
St. Louis Cardinals,1,Pittsburgh Pirates,7
Minnesota Twins,1,Texas Rangers,2
Kansas City Royals,2,Toronto Blue Jays,4
New York Mets,11,Washington Nationals,3
San Francisco Giants,8,Arizona D'Backs,2
Miami Marlins,7,Atlanta Braves,0
Chicago White Sox,6,Boston Red Sox,7
Philadelphia Phillies,1,Chicago Cubs,7
Cincinnati Reds,4,Colorado Rockies,7
Cleveland Indians,4,Detroit Tigers,0
Seattle Mariners,0,Houston Astros,2
San Diego Padres,1,Los Angeles Dodgers,2
LA Angels of Anaheim,5,Milwaukee Brewers,3
Baltimore Orioles,7,New York Yankees,3
Tampa Bay Rays,1,Oakland Athletics,5
St. Louis Cardinals,7,Pittsburgh Pirates,2
Minnesota Twins,4,Texas Rangers,2
Kansas City Royals,5,Toronto Blue Jays,0
New York Mets,5,Washington Nationals,6
Tampa Bay Rays,2,LA Angels of Anaheim,11
Toronto Blue Jays,4,Arizona D'Backs,1
New York Mets,5,Atlanta Braves,13
Detroit Tigers,3,Boston Red Sox,0
Miami Marlins,4,Chicago Cubs,3
St. Louis Cardinals,2,Cincinnati Reds,7
Baltimore Orioles,7,Cleveland Indians,2
Los Angeles Dodgers,10,Colorado Rockies,8
Minnesota Twins,10,Houston Astros,6
Seattle Mariners,1,Kansas City Royals,3
Pittsburgh Pirates,5,Milwaukee Brewers,2
Chicago White Sox,1,New York Yankees,9
Texas Rangers,2,Oakland Athletics,4
Washington Nationals,2,Philadelphia Phillies,3
San Francisco Giants,1,San Diego Padres,4
Tampa Bay Rays,7,LA Angels of Anaheim,1
Toronto Blue Jays,10,Arizona D'Backs,4
New York Mets,1,Atlanta Braves,3
Detroit Tigers,1,Boston Red Sox,2
Miami Marlins,6,Chicago Cubs,2
St. Louis Cardinals,0,Cincinnati Reds,1
Baltimore Orioles,3,Cleveland Indians,4
Los Angeles Dodgers,7,Colorado Rockies,4
Minnesota Twins,9,Houston Astros,6
Seattle Mariners,3,Kansas City Royals,4
Pittsburgh Pirates,4,Milwaukee Brewers,3
Chicago White Sox,4,New York Yankees,6
Texas Rangers,5,Oakland Athletics,1
Washington Nationals,9,Philadelphia Phillies,6
San Francisco Giants,2,San Diego Padres,3
Tampa Bay Rays,3,LA Angels of Anaheim,1
Toronto Blue Jays,3,Arizona D'Backs,4
New York Mets,5,Atlanta Braves,2
Detroit Tigers,4,Boston Red Sox,20
Miami Marlins,7,Chicago Cubs,9
St. Louis Cardinals,5,Cincinnati Reds,4
Baltimore Orioles,4,Cleveland Indians,6
Los Angeles Dodgers,5,Colorado Rockies,7
Minnesota Twins,5,Houston Astros,6
Seattle Mariners,6,Kansas City Royals,4
Pittsburgh Pirates,3,Milwaukee Brewers,9
Chicago White Sox,5,New York Yankees,6
Texas Rangers,4,Oakland Athletics,11
Washington Nationals,3,Philadelphia Phillies,2
San Francisco Giants,13,San Diego Padres,5
Tampa Bay Rays,2,LA Angels of Anaheim,6
Chicago White Sox,1,Baltimore Orioles,3
St. Louis Cardinals,2,Cincinnati Reds,6
Seattle Mariners,6,Kansas City Royals,7
Boston Red Sox,9,New York Yankees,8
Houston Astros,3,Oakland Athletics,2
Arizona D'Backs,4,San Francisco Giants,2
Texas Rangers,5,LA Angels of Anaheim,6
Chicago White Sox,0,Baltimore Orioles,4
Milwaukee Brewers,5,Chicago Cubs,8
Los Angeles Dodgers,2,Cincinnati Reds,3
New York Mets,1,Cleveland Indians,8
Detroit Tigers,16,Kansas City Royals,2
Washington Nationals,0,Miami Marlins,7
Toronto Blue Jays,6,Minnesota Twins,5
Boston Red Sox,12,New York Yankees,8
Houston Astros,5,Oakland Athletics,7
Atlanta Braves,1,Philadelphia Phillies,2
Colorado Rockies,3,San Diego Padres,4
Tampa Bay Rays,4,Seattle Mariners,6
Arizona D'Backs,0,San Francisco Giants,3
Pittsburgh Pirates,8,St. Louis Cardinals,12
Texas Rangers,3,LA Angels of Anaheim,8
Chicago White Sox,3,Baltimore Orioles,4
Milwaukee Brewers,5,Chicago Cubs,3
Los Angeles Dodgers,3,Cincinnati Reds,4
New York Mets,4,Cleveland Indians,9
Detroit Tigers,3,Kansas City Royals,4
Washington Nationals,9,Miami Marlins,2
Toronto Blue Jays,11,Minnesota Twins,2
Boston Red Sox,13,New York Yankees,9
Houston Astros,1,Oakland Athletics,2
Atlanta Braves,5,Philadelphia Phillies,6
Colorado Rockies,1,San Diego Padres,2
Tampa Bay Rays,2,Seattle Mariners,6
Arizona D'Backs,2,San Francisco Giants,1
Pittsburgh Pirates,0,St. Louis Cardinals,5
Texas Rangers,4,LA Angels of Anaheim,3
Chicago White Sox,4,Baltimore Orioles,2
Milwaukee Brewers,3,Chicago Cubs,1
Los Angeles Dodgers,2,Cincinnati Reds,3
New York Mets,2,Cleveland Indians,1
Detroit Tigers,2,Kansas City Royals,5
Washington Nationals,6,Miami Marlins,4
Toronto Blue Jays,2,Minnesota Twins,0
Boston Red Sox,3,New York Yankees,4
Houston Astros,2,Oakland Athletics,7
Atlanta Braves,2,Philadelphia Phillies,3
Colorado Rockies,2,San Diego Padres,5
Tampa Bay Rays,4,Seattle Mariners,1
Arizona D'Backs,2,San Francisco Giants,3
Pittsburgh Pirates,2,St. Louis Cardinals,9
New York Yankees,2,Baltimore Orioles,4
Detroit Tigers,1,Chicago White Sox,5
Chicago Cubs,2,Cincinnati Reds,0
Kansas City Royals,3,Cleveland Indians,4
Arizona D'Backs,1,Los Angeles Dodgers,8
Atlanta Braves,5,Miami Marlins,2
LA Angels of Anaheim,3,Minnesota Twins,6
Washington Nationals,9,New York Mets,0
Houston Astros,6,Seattle Mariners,4
Colorado Rockies,2,San Francisco Giants,3
Pittsburgh Pirates,1,Texas Rangers,0
New York Yankees,7,Baltimore Orioles,5
Detroit Tigers,9,Chicago White Sox,1
Chicago Cubs,9,Cincinnati Reds,1
Kansas City Royals,6,Cleveland Indians,3
Arizona D'Backs,3,Los Angeles Dodgers,5
Atlanta Braves,4,Miami Marlins,3
Oakland Athletics,3,Minnesota Twins,4
Washington Nationals,6,New York Mets,3
San Diego Padres,8,Philadelphia Phillies,2
Houston Astros,13,Seattle Mariners,2
Colorado Rockies,9,San Francisco Giants,8
Milwaukee Brewers,2,St. Louis Cardinals,4
Boston Red Sox,2,Tampa Bay Rays,0
Pittsburgh Pirates,5,Texas Rangers,4
LA Angels of Anaheim,12,Toronto Blue Jays,6
New York Yankees,5,Baltimore Orioles,4
Detroit Tigers,1,Chicago White Sox,0
Chicago Cubs,0,Cincinnati Reds,6
Kansas City Royals,6,Cleveland Indians,2
Arizona D'Backs,4,Los Angeles Dodgers,1
Atlanta Braves,2,Miami Marlins,5
Oakland Athletics,18,Minnesota Twins,3
Washington Nationals,3,New York Mets,0
San Diego Padres,2,Philadelphia Phillies,4
Houston Astros,6,Seattle Mariners,1
Colorado Rockies,3,San Francisco Giants,4
Milwaukee Brewers,1,St. Louis Cardinals,5
Boston Red Sox,7,Tampa Bay Rays,3
Pittsburgh Pirates,7,Texas Rangers,5
LA Angels of Anaheim,5,Toronto Blue Jays,4
New York Yankees,6,Baltimore Orioles,5
Cleveland Indians,14,Chicago White Sox,3
San Francisco Giants,2,Los Angeles Dodgers,3
Atlanta Braves,6,Miami Marlins,1
Oakland Athletics,8,Minnesota Twins,2
Washington Nationals,7,New York Mets,2
San Diego Padres,5,Philadelphia Phillies,10
Chicago Cubs,1,Pittsburgh Pirates,3
Milwaukee Brewers,5,St. Louis Cardinals,3
Boston Red Sox,3,Tampa Bay Rays,4
LA Angels of Anaheim,4,Toronto Blue Jays,3
Colorado Rockies,7,Arizona D'Backs,5
San Diego Padres,4,Atlanta Braves,3
New York Yankees,4,Boston Red Sox,8
Cleveland Indians,3,Chicago White Sox,1
Kansas City Royals,3,Detroit Tigers,6
LA Angels of Anaheim,7,Houston Astros,9
San Francisco Giants,4,Los Angeles Dodgers,2
Cincinnati Reds,1,Milwaukee Brewers,5
Tampa Bay Rays,3,Minnesota Twins,0
Miami Marlins,3,New York Mets,4
Chicago Cubs,5,Pittsburgh Pirates,4
Seattle Mariners,1,St. Louis Cardinals,2
Oakland Athletics,9,Texas Rangers,8
Baltimore Orioles,5,Toronto Blue Jays,3
Philadelphia Phillies,1,Washington Nationals,6
Colorado Rockies,2,Arizona D'Backs,9
San Diego Padres,1,Atlanta Braves,2
New York Yankees,1,Boston Red Sox,5
Cleveland Indians,8,Chicago White Sox,1
Kansas City Royals,1,Detroit Tigers,0
LA Angels of Anaheim,6,Houston Astros,2
San Francisco Giants,19,Los Angeles Dodgers,3
Cincinnati Reds,7,Milwaukee Brewers,3
Tampa Bay Rays,7,Minnesota Twins,0
Miami Marlins,3,New York Mets,0
Miami Marlins,1,New York Mets,3
Chicago Cubs,1,Pittsburgh Pirates,2
Seattle Mariners,4,St. Louis Cardinals,1
Oakland Athletics,1,Texas Rangers,0
Baltimore Orioles,3,Toronto Blue Jays,4
Philadelphia Phillies,5,Washington Nationals,4
Colorado Rockies,2,Arizona D'Backs,8
San Diego Padres,4,Atlanta Braves,0
New York Yankees,2,Boston Red Sox,9
Cleveland Indians,7,Chicago White Sox,1
Kansas City Royals,2,Detroit Tigers,3
LA Angels of Anaheim,2,Houston Astros,1
San Francisco Giants,4,Los Angeles Dodgers,3
Cincinnati Reds,5,Milwaukee Brewers,6
Tampa Bay Rays,4,Minnesota Twins,6
Miami Marlins,0,New York Mets,1
Chicago Cubs,2,Pittsburgh Pirates,3
Seattle Mariners,2,St. Louis Cardinals,12
Oakland Athletics,5,Texas Rangers,1
Baltimore Orioles,3,Toronto Blue Jays,1
Philadelphia Phillies,2,Washington Nationals,11
Los Angeles Dodgers,1,Arizona D'Backs,2
Minnesota Twins,1,Chicago White Sox,12
St. Louis Cardinals,2,Colorado Rockies,6
Seattle Mariners,2,Detroit Tigers,4
Cincinnati Reds,6,Houston Astros,1
Cleveland Indians,1,Kansas City Royals,7
Chicago Cubs,1,Milwaukee Brewers,6
LA Angels of Anaheim,12,Oakland Athletics,1
Miami Marlins,2,Philadelphia Phillies,12
San Diego Padres,2,Pittsburgh Pirates,0
Texas Rangers,2,Tampa Bay Rays,6
Los Angeles Dodgers,9,Arizona D'Backs,3
Baltimore Orioles,3,Boston Red Sox,2
Minnesota Twins,3,Chicago White Sox,4
St. Louis Cardinals,11,Colorado Rockies,4
Seattle Mariners,2,Detroit Tigers,6
Cincinnati Reds,10,Houston Astros,0
Cleveland Indians,5,Kansas City Royals,3
Chicago Cubs,3,Milwaukee Brewers,4
San Francisco Giants,8,New York Mets,5
LA Angels of Anaheim,1,Oakland Athletics,2
Miami Marlins,4,Philadelphia Phillies,6
San Diego Padres,5,Pittsburgh Pirates,2
Texas Rangers,7,Tampa Bay Rays,1
New York Yankees,0,Toronto Blue Jays,2
Atlanta Braves,5,Washington Nationals,6
Atlanta Braves,0,Washington Nationals,4
Los Angeles Dodgers,4,Arizona D'Backs,9
Baltimore Orioles,5,Boston Red Sox,3
Minnesota Twins,4,Chicago White Sox,3
St. Louis Cardinals,4,Colorado Rockies,3
Seattle Mariners,8,Detroit Tigers,0
Cincinnati Reds,6,Houston Astros,5
Cleveland Indians,2,Kansas City Royals,7
Chicago Cubs,0,Milwaukee Brewers,7
San Francisco Giants,4,New York Mets,5
LA Angels of Anaheim,5,Oakland Athletics,4
Miami Marlins,4,Philadelphia Phillies,3
San Diego Padres,3,Pittsburgh Pirates,2
Texas Rangers,3,Tampa Bay Rays,4
New York Yankees,4,Toronto Blue Jays,3
Atlanta Braves,5,Washington Nationals,2
Los Angeles Dodgers,7,Arizona D'Backs,6
Baltimore Orioles,1,Boston Red Sox,3
Houston Astros,1,Cleveland Indians,2
St. Louis Cardinals,6,Colorado Rockies,7
Seattle Mariners,4,Detroit Tigers,5
Chicago Cubs,5,Milwaukee Brewers,1
San Francisco Giants,2,New York Mets,1
Minnesota Twins,6,Oakland Athletics,8
San Diego Padres,1,Pittsburgh Pirates,10
Texas Rangers,8,Tampa Bay Rays,2
New York Yankees,2,Toronto Blue Jays,6
Miami Marlins,2,Washington Nationals,3
Seattle Mariners,2,LA Angels of Anaheim,3
Toronto Blue Jays,3,Boston Red Sox,6
Atlanta Braves,9,Chicago Cubs,5
Houston Astros,1,Cleveland Indians,2
Arizona D'Backs,4,Colorado Rockies,9
Chicago White Sox,5,Detroit Tigers,12
Texas Rangers,1,Kansas City Royals,2
St. Louis Cardinals,7,Milwaukee Brewers,6
San Francisco Giants,1,New York Yankees,5
Minnesota Twins,0,Oakland Athletics,11
New York Mets,6,Philadelphia Phillies,4
Cincinnati Reds,6,Pittsburgh Pirates,5
Los Angeles Dodgers,0,San Diego Padres,2
Baltimore Orioles,4,Tampa Bay Rays,5
Miami Marlins,0,Washington Nationals,8
Seattle Mariners,5,LA Angels of Anaheim,6
Toronto Blue Jays,4,Boston Red Sox,2
Atlanta Braves,1,Chicago Cubs,3
Houston Astros,1,Cleveland Indians,4
Arizona D'Backs,7,Colorado Rockies,2
Chicago White Sox,6,Detroit Tigers,7
Texas Rangers,3,Kansas City Royals,1
St. Louis Cardinals,7,Milwaukee Brewers,2
San Francisco Giants,0,New York Yankees,6
Minnesota Twins,1,Oakland Athletics,9
New York Mets,5,Philadelphia Phillies,4
Cincinnati Reds,2,Pittsburgh Pirates,4
Los Angeles Dodgers,4,San Diego Padres,0
Baltimore Orioles,1,Tampa Bay Rays,5
Seattle Mariners,3,LA Angels of Anaheim,2
Toronto Blue Jays,2,Boston Red Sox,5
Atlanta Braves,5,Chicago Cubs,2
Houston Astros,2,Cleveland Indians,9
Arizona D'Backs,13,Colorado Rockies,9
Chicago White Sox,6,Detroit Tigers,3
Texas Rangers,0,Kansas City Royals,4
St. Louis Cardinals,4,Milwaukee Brewers,6
San Francisco Giants,2,New York Yankees,1
Minnesota Twins,7,Oakland Athletics,11
New York Mets,4,Philadelphia Phillies,3
Cincinnati Reds,11,Pittsburgh Pirates,3
Los Angeles Dodgers,1,San Diego Padres,0
Baltimore Orioles,1,Tampa Bay Rays,3
Miami Marlins,4,Washington Nationals,2
Miami Marlins,4,Washington Nationals,5
Oakland Athletics,10,LA Angels of Anaheim,5
Milwaukee Brewers,5,Atlanta Braves,0
Toronto Blue Jays,2,Chicago White Sox,3
Pittsburgh Pirates,2,Chicago Cubs,1
New York Mets,2,Cincinnati Reds,3
Philadelphia Phillies,0,Miami Marlins,4
Detroit Tigers,3,Minnesota Twins,4
Arizona D'Backs,1,San Diego Padres,4
Kansas City Royals,6,Seattle Mariners,5
Washington Nationals,3,St. Louis Cardinals,4
Baltimore Orioles,4,Tampa Bay Rays,5
Houston Astros,0,Texas Rangers,12
Oakland Athletics,0,LA Angels of Anaheim,3
Milwaukee Brewers,2,Atlanta Braves,3
Toronto Blue Jays,3,Baltimore Orioles,2
Pittsburgh Pirates,8,Chicago Cubs,2
New York Mets,4,Cincinnati Reds,2
Chicago White Sox,4,Cleveland Indians,5
Boston Red Sox,3,Colorado Rockies,8
Philadelphia Phillies,2,Miami Marlins,1
Detroit Tigers,4,Minnesota Twins,2
Tampa Bay Rays,7,New York Yankees,0
Arizona D'Backs,2,San Diego Padres,1
Kansas City Royals,0,Seattle Mariners,4
Los Angeles Dodgers,2,San Francisco Giants,1
Washington Nationals,0,St. Louis Cardinals,2
Houston Astros,2,Texas Rangers,3
Oakland Athletics,1,LA Angels of Anaheim,3
Milwaukee Brewers,4,Atlanta Braves,0
Toronto Blue Jays,5,Baltimore Orioles,9
Pittsburgh Pirates,2,Chicago Cubs,4
New York Mets,1,Cincinnati Reds,0
Chicago White Sox,2,Cleveland Indians,7
Boston Red Sox,15,Colorado Rockies,5
Philadelphia Phillies,2,Miami Marlins,3
Detroit Tigers,1,Minnesota Twins,0
Tampa Bay Rays,8,New York Yankees,3
Arizona D'Backs,2,San Diego Padres,12
Kansas City Royals,0,Seattle Mariners,6
Los Angeles Dodgers,4,San Francisco Giants,6
Washington Nationals,1,St. Louis Cardinals,4
Houston Astros,3,Texas Rangers,7
Philadelphia Phillies,1,Atlanta Braves,7
Toronto Blue Jays,2,Baltimore Orioles,3
Kansas City Royals,3,Chicago White Sox,2
Cleveland Indians,6,Minnesota Twins,5
Tampa Bay Rays,4,New York Yankees,0
Milwaukee Brewers,4,New York Mets,2
Arizona D'Backs,2,San Diego Padres,3
Los Angeles Dodgers,2,San Francisco Giants,3
LA Angels of Anaheim,5,Texas Rangers,6
Washington Nationals,8,Arizona D'Backs,4
Philadelphia Phillies,0,Atlanta Braves,1
Boston Red Sox,12,Baltimore Orioles,3
Kansas City Royals,6,Chicago White Sox,1
Pittsburgh Pirates,4,Cincinnati Reds,1
New York Yankees,3,Houston Astros,2
Colorado Rockies,0,Los Angeles Dodgers,11
Detroit Tigers,2,Miami Marlins,3
Cleveland Indians,12,Minnesota Twins,6
Milwaukee Brewers,4,New York Mets,2
Oakland Athletics,8,Seattle Mariners,2
San Diego Padres,3,San Francisco Giants,7
Chicago Cubs,0,St. Louis Cardinals,7
LA Angels of Anaheim,3,Texas Rangers,5
Tampa Bay Rays,3,Toronto Blue Jays,6
Washington Nationals,2,Arizona D'Backs,0
Philadelphia Phillies,5,Atlanta Braves,4
Boston Red Sox,5,Baltimore Orioles,6
Kansas City Royals,5,Chicago White Sox,6
Pittsburgh Pirates,8,Cincinnati Reds,3
New York Yankees,2,Houston Astros,1
Colorado Rockies,1,Los Angeles Dodgers,0
Detroit Tigers,1,Miami Marlins,2
Cleveland Indians,5,Minnesota Twins,1
Milwaukee Brewers,4,New York Mets,2
Oakland Athletics,5,Seattle Mariners,7
San Diego Padres,9,San Francisco Giants,3
Chicago Cubs,2,St. Louis Cardinals,6
LA Angels of Anaheim,4,Texas Rangers,7
Tampa Bay Rays,2,Toronto Blue Jays,7
Washington Nationals,2,Arizona D'Backs,3
Philadelphia Phillies,5,Atlanta Braves,12
Boston Red Sox,6,Baltimore Orioles,7
Kansas City Royals,4,Chicago White Sox,1
Pittsburgh Pirates,4,Cincinnati Reds,2
New York Yankees,5,Houston Astros,1
Colorado Rockies,2,Los Angeles Dodgers,1
Detroit Tigers,0,Miami Marlins,1
Cleveland Indians,5,Minnesota Twins,1
Milwaukee Brewers,2,New York Mets,3
Oakland Athletics,9,Seattle Mariners,0
San Diego Padres,6,San Francisco Giants,7
Chicago Cubs,0,St. Louis Cardinals,4
LA Angels of Anaheim,2,Texas Rangers,6
Tampa Bay Rays,7,Toronto Blue Jays,6
Tampa Bay Rays,5,Texas Rangers,2
