Los Angeles Dodgers,5,San Diego Padres,2
San Diego Padres,15,Los Angeles Dodgers,11
Colorado Rockies,1,Arizona D'Backs,16
Los Angeles Angels,3,Baltimore Orioles,11
Detroit Tigers,1,Chicago White Sox,0
Washington Nationals,2,Cincinnati Reds,8
New York Yankees,5,Houston Astros,4
Minnesota Twins,4,Kansas City Royals,1
St. Louis Cardinals,1,Los Angeles Dodgers,7
Pittsburgh Pirates,6,Miami Marlins,5
Cleveland Guardians,8,Oakland Athletics,0
San Francisco Giants,4,San Diego Padres,6
Boston Red Sox,6,Seattle Mariners,4
Toronto Blue Jays,8,Tampa Bay Rays,2
Chicago Cubs,3,Texas Rangers,4
Colorado Rockies,3,Arizona D'Backs,7
New York Yankees,7,Houston Astros,1
St. Louis Cardinals,3,Los Angeles Dodgers,6
Pittsburgh Pirates,7,Miami Marlins,2
Milwaukee Brewers,3,New York Mets,1
Cleveland Guardians,6,Oakland Athletics,4
Atlanta Braves,9,Philadelphia Phillies,3
San Francisco Giants,8,San Diego Padres,3
Boston Red Sox,0,Seattle Mariners,1
Toronto Blue Jays,2,Tampa Bay Rays,8
Colorado Rockies,9,Arizona D'Backs,4
Los Angeles Angels,4,Baltimore Orioles,13
Detroit Tigers,7,Chicago White Sox,6
Washington Nationals,7,Cincinnati Reds,6
New York Yankees,5,Houston Astros,3
Minnesota Twins,5,Kansas City Royals,1
St. Louis Cardinals,6,Los Angeles Dodgers,5
Pittsburgh Pirates,9,Miami Marlins,3
Milwaukee Brewers,7,New York Mets,6
Cleveland Guardians,12,Oakland Athletics,3
Atlanta Braves,12,Philadelphia Phillies,4
San Francisco Giants,9,San Diego Padres,6
Boston Red Sox,3,Seattle Mariners,4
Toronto Blue Jays,1,Tampa Bay Rays,5
Chicago Cubs,2,Texas Rangers,11
Colorado Rockies,1,Arizona D'Backs,5
Los Angeles Angels,4,Baltimore Orioles,1
Detroit Tigers,3,Chicago White Sox,2
Washington Nationals,5,Cincinnati Reds,6
New York Yankees,4,Houston Astros,3
Minnesota Twins,0,Kansas City Royals,11
St. Louis Cardinals,4,Los Angeles Dodgers,5
Pittsburgh Pirates,9,Miami Marlins,7
Milwaukee Brewers,4,New York Mets,1
Cleveland Guardians,3,Oakland Athletics,4
Atlanta Braves,4,Philadelphia Phillies,5
San Francisco Giants,4,San Diego Padres,13
Boston Red Sox,5,Seattle Mariners,1
Toronto Blue Jays,9,Tampa Bay Rays,2
Chicago Cubs,9,Texas Rangers,5
New York Yankees,5,Arizona D'Backs,2
Kansas City Royals,4,Baltimore Orioles,6
Atlanta Braves,9,Chicago White Sox,0
Colorado Rockies,0,Chicago Cubs,5
Toronto Blue Jays,0,Houston Astros,10
San Francisco Giants,3,Los Angeles Dodgers,8
Los Angeles Angels,7,Miami Marlins,4
Detroit Tigers,5,New York Mets,0
Boston Red Sox,9,Oakland Athletics,0
Cincinnati Reds,6,Philadelphia Phillies,3
St. Louis Cardinals,6,San Diego Padres,2
Cleveland Guardians,4,Seattle Mariners,5
Texas Rangers,9,Tampa Bay Rays,3
Pittsburgh Pirates,8,Washington Nationals,4
New York Yankees,0,Arizona D'Backs,7
Kansas City Royals,4,Baltimore Orioles,1
Atlanta Braves,2,Chicago White Sox,3
Colorado Rockies,2,Chicago Cubs,12
Toronto Blue Jays,2,Houston Astros,1
San Francisco Giants,4,Los Angeles Dodgers,5
Los Angeles Angels,3,Miami Marlins,1
Minnesota Twins,2,Milwaukee Brewers,3
Boston Red Sox,5,Oakland Athletics,4
Cincinnati Reds,4,Philadelphia Phillies,9
St. Louis Cardinals,5,San Diego Padres,2
Cleveland Guardians,5,Seattle Mariners,2
Texas Rangers,2,Tampa Bay Rays,5
New York Yankees,6,Arizona D'Backs,5
Kansas City Royals,3,Baltimore Orioles,4
Colorado Rockies,8,Chicago Cubs,9
Toronto Blue Jays,0,Houston Astros,8
San Francisco Giants,4,Los Angeles Dodgers,5
Los Angeles Angels,10,Miami Marlins,2
Minnesota Twins,7,Milwaukee Brewers,3
Boston Red Sox,1,Oakland Athletics,0
Cincinnati Reds,4,Philadelphia Phillies,1
St. Louis Cardinals,2,San Diego Padres,3
Cleveland Guardians,8,Seattle Mariners,0
Texas Rangers,4,Tampa Bay Rays,1
Pittsburgh Pirates,3,Washington Nationals,5
Chicago White Sox,1,Kansas City Royals,10
Cleveland Guardians,4,Minnesota Twins,2
Detroit Tigers,6,New York Mets,3
Detroit Tigers,1,New York Mets,2
Miami Marlins,5,St. Louis Cardinals,8
Pittsburgh Pirates,7,Washington Nationals,4
Boston Red Sox,8,Los Angeles Angels,6
Arizona D'Backs,5,Atlanta Braves,6
Los Angeles Dodgers,7,Chicago Cubs,9
New York Mets,3,Cincinnati Reds,2
Tampa Bay Rays,7,Colorado Rockies,10
Oakland Athletics,4,Detroit Tigers,5
Chicago White Sox,1,Kansas City Royals,2
Seattle Mariners,5,Milwaukee Brewers,6
Toronto Blue Jays,3,New York Yankees,0
Baltimore Orioles,5,Pittsburgh Pirates,2
San Diego Padres,2,San Francisco Giants,3
Houston Astros,2,Texas Rangers,10
Philadelphia Phillies,4,Washington Nationals,0
Boston Red Sox,1,Los Angeles Angels,2
Arizona D'Backs,8,Atlanta Braves,9
Los Angeles Dodgers,4,Chicago Cubs,1
New York Mets,6,Cincinnati Reds,9
Tampa Bay Rays,8,Colorado Rockies,6
Oakland Athletics,4,Detroit Tigers,0
Chicago White Sox,0,Kansas City Royals,3
Seattle Mariners,5,Milwaukee Brewers,3
Cleveland Guardians,3,Minnesota Twins,1
Toronto Blue Jays,8,New York Yankees,9
Baltimore Orioles,4,Pittsburgh Pirates,5
San Diego Padres,4,San Francisco Giants,0
Miami Marlins,1,St. Louis Cardinals,3
Houston Astros,2,Texas Rangers,7
Philadelphia Phillies,5,Washington Nationals,2
Boston Red Sox,12,Los Angeles Angels,2
Arizona D'Backs,2,Atlanta Braves,5
Los Angeles Dodgers,1,Chicago Cubs,8
New York Mets,3,Cincinnati Reds,1
Tampa Bay Rays,3,Colorado Rockies,2
Oakland Athletics,7,Detroit Tigers,1
Chicago White Sox,3,Kansas City Royals,5
Seattle Mariners,4,Milwaukee Brewers,12
Toronto Blue Jays,3,New York Yankees,8
Baltimore Orioles,2,Pittsburgh Pirates,3
San Diego Padres,2,San Francisco Giants,3
Miami Marlins,10,St. Louis Cardinals,3
Houston Astros,3,Texas Rangers,1
Philadelphia Phillies,2,Washington Nationals,3
Tampa Bay Rays,1,Los Angeles Angels,7
New York Mets,8,Atlanta Braves,7
Milwaukee Brewers,8,Cincinnati Reds,10
Chicago White Sox,0,Cleveland Guardians,4
Arizona D'Backs,5,Colorado Rockies,7
Los Angeles Dodgers,4,Minnesota Twins,2
Miami Marlins,0,New York Yankees,7
Detroit Tigers,4,Pittsburgh Pirates,7
Chicago Cubs,8,San Diego Padres,9
Washington Nationals,8,San Francisco Giants,1
Philadelphia Phillies,5,St. Louis Cardinals,3
Houston Astros,10,Texas Rangers,5
Seattle Mariners,2,Toronto Blue Jays,5
Tampa Bay Rays,6,Los Angeles Angels,4
New York Mets,5,Atlanta Braves,6
Baltimore Orioles,7,Boston Red Sox,1
Milwaukee Brewers,9,Cincinnati Reds,5
Chicago White Sox,7,Cleveland Guardians,5
Arizona D'Backs,3,Colorado Rockies,2
Houston Astros,3,Kansas City Royals,4
Los Angeles Dodgers,6,Minnesota Twins,3
Miami Marlins,2,New York Yankees,3
Detroit Tigers,5,Pittsburgh Pirates,3
Chicago Cubs,5,San Diego Padres,1
Washington Nationals,5,San Francisco Giants,3
Philadelphia Phillies,0,St. Louis Cardinals,3
Oakland Athletics,4,Texas Rangers,3
Seattle Mariners,3,Toronto Blue Jays,5
Tampa Bay Rays,4,Los Angeles Angels,2
Baltimore Orioles,7,Boston Red Sox,5
Milwaukee Brewers,7,Cincinnati Reds,2
Chicago White Sox,6,Cleveland Guardians,7
Arizona D'Backs,5,Colorado Rockies,3
Houston Astros,2,Kansas City Royals,11
Los Angeles Dodgers,2,Minnesota Twins,3
Miami Marlins,5,New York Yankees,2
Chicago Cubs,2,San Diego Padres,10
Washington Nationals,1,San Francisco Giants,7
Philadelphia Phillies,4,St. Louis Cardinals,3
Oakland Athletics,2,Texas Rangers,6
Seattle Mariners,6,Toronto Blue Jays,1
New York Mets,16,Atlanta Braves,4
Baltimore Orioles,9,Boston Red Sox,4
Houston Astros,3,Kansas City Royals,13
Pittsburgh Pirates,1,Philadelphia Phillies,5
Oakland Athletics,1,Texas Rangers,0
St. Louis Cardinals,9,Arizona D'Backs,6
Milwaukee Brewers,11,Baltimore Orioles,1
Los Angeles Angels,7,Boston Red Sox,0
Cincinnati Reds,11,Chicago White Sox,1
Minnesota Twins,2,Detroit Tigers,8
Texas Rangers,12,Houston Astros,8
San Diego Padres,8,Los Angeles Dodgers,7
Atlanta Braves,8,Miami Marlins,1
Kansas City Royals,1,New York Mets,6
Washington Nationals,1,Oakland Athletics,2
Pittsburgh Pirates,5,Philadelphia Phillies,2
Chicago Cubs,2,Seattle Mariners,4
San Francisco Giants,1,Tampa Bay Rays,2
Colorado Rockies,12,Toronto Blue Jays,4
St. Louis Cardinals,2,Arizona D'Backs,4
Milwaukee Brewers,11,Baltimore Orioles,5
Los Angeles Angels,2,Boston Red Sox,7
Cincinnati Reds,5,Chicago White Sox,0
New York Yankees,3,Cleveland Guardians,2
New York Yankees,8,Cleveland Guardians,2
Minnesota Twins,11,Detroit Tigers,5
Minnesota Twins,4,Detroit Tigers,1
Texas Rangers,2,Houston Astros,9
San Diego Padres,2,Los Angeles Dodgers,5
Atlanta Braves,1,Miami Marlins,5
Kansas City Royals,11,New York Mets,7
Washington Nationals,3,Oakland Athletics,1
Pittsburgh Pirates,3,Philadelphia Phillies,4
Chicago Cubs,4,Seattle Mariners,1
San Francisco Giants,11,Tampa Bay Rays,2
Colorado Rockies,3,Toronto Blue Jays,5
St. Louis Cardinals,0,Arizona D'Backs,5
Milwaukee Brewers,4,Baltimore Orioles,6
Los Angeles Angels,4,Boston Red Sox,5
Cincinnati Reds,11,Chicago White Sox,4
New York Yankees,7,Cleveland Guardians,8
Minnesota Twins,3,Detroit Tigers,4
Texas Rangers,5,Houston Astros,8
San Diego Padres,6,Los Angeles Dodgers,3
Atlanta Braves,9,Miami Marlins,7
Kansas City Royals,1,New York Mets,2
Washington Nationals,6,Oakland Athletics,7
Pittsburgh Pirates,9,Philadelphia Phillies,2
Chicago Cubs,3,Seattle Mariners,2
San Francisco Giants,4,Tampa Bay Rays,9
Colorado Rockies,0,Toronto Blue Jays,5
Chicago Cubs,3,Arizona D'Backs,2
Minnesota Twins,4,Baltimore Orioles,7
Cleveland Guardians,6,Boston Red Sox,0
Kansas City Royals,2,Chicago White Sox,0
Texas Rangers,1,Detroit Tigers,0
Atlanta Braves,6,Houston Astros,1
Washington Nationals,6,Los Angeles Dodgers,4
San Francisco Giants,4,Miami Marlins,3
San Diego Padres,7,Milwaukee Brewers,3
Pittsburgh Pirates,3,New York Mets,6
St. Louis Cardinals,3,Oakland Athletics,1
Colorado Rockies,1,Philadelphia Phillies,2
Cincinnati Reds,3,Seattle Mariners,9
Los Angeles Angels,7,Tampa Bay Rays,3
New York Yankees,1,Toronto Blue Jays,3
Chicago Cubs,11,Arizona D'Backs,12
Minnesota Twins,3,Baltimore Orioles,11
Cleveland Guardians,10,Boston Red Sox,7
Texas Rangers,2,Detroit Tigers,4
Atlanta Braves,6,Houston Astros,2
Washington Nationals,2,Los Angeles Dodgers,6
San Francisco Giants,3,Miami Marlins,6
San Diego Padres,6,Milwaukee Brewers,3
Pittsburgh Pirates,1,New York Mets,3
St. Louis Cardinals,3,Oakland Athletics,2
Colorado Rockies,0,Philadelphia Phillies,5
Cincinnati Reds,1,Seattle Mariners,3
Los Angeles Angels,6,Tampa Bay Rays,7
New York Yankees,4,Toronto Blue Jays,5
Chicago Cubs,5,Arizona D'Backs,3
Minnesota Twins,2,Baltimore Orioles,4
Cleveland Guardians,0,Boston Red Sox,2
Kansas City Royals,4,Chicago White Sox,2
Kansas City Royals,1,Chicago White Sox,2
Texas Rangers,5,Detroit Tigers,4
Atlanta Braves,5,Houston Astros,4
Washington Nationals,2,Los Angeles Dodgers,0
San Francisco Giants,3,Miami Marlins,1
San Diego Padres,0,Milwaukee Brewers,1
Pittsburgh Pirates,1,New York Mets,9
St. Louis Cardinals,3,Oakland Athletics,6
Colorado Rockies,6,Philadelphia Phillies,7
Cincinnati Reds,1,Seattle Mariners,5
Los Angeles Angels,5,Tampa Bay Rays,4
New York Yankees,6,Toronto Blue Jays,4
Cleveland Guardians,5,Boston Red Sox,4
Texas Rangers,9,Detroit Tigers,7
Arizona D'Backs,0,San Francisco Giants,5
Los Angeles Angels,1,Tampa Bay Rays,2
Texas Rangers,3,Atlanta Braves,8
Miami Marlins,3,Chicago Cubs,8
Los Angeles Angels,1,Cincinnati Reds,7
Oakland Athletics,2,Cleveland Guardians,10
Baltimore Orioles,4,Kansas City Royals,9
New York Mets,9,Los Angeles Dodgers,4
Detroit Tigers,5,Minnesota Twins,4
Tampa Bay Rays,3,New York Yankees,5
Chicago White Sox,0,Philadelphia Phillies,7
Boston Red Sox,8,Pittsburgh Pirates,1
Toronto Blue Jays,5,San Diego Padres,1
Arizona D'Backs,17,San Francisco Giants,1
Milwaukee Brewers,2,St. Louis Cardinals,1
Houston Astros,5,Washington Nationals,3
Texas Rangers,2,Atlanta Braves,5
Miami Marlins,3,Chicago Cubs,2
Miami Marlins,3,Chicago Cubs,5
Los Angeles Angels,5,Cincinnati Reds,7
Oakland Athletics,3,Cleveland Guardians,6
Seattle Mariners,7,Colorado Rockies,0
Baltimore Orioles,9,Kansas City Royals,7
New York Mets,6,Los Angeles Dodgers,4
Detroit Tigers,3,Minnesota Twins,4
Tampa Bay Rays,2,New York Yankees,0
Chicago White Sox,5,Philadelphia Phillies,9
Boston Red Sox,4,Pittsburgh Pirates,2
Toronto Blue Jays,5,San Diego Padres,2
Arizona D'Backs,3,San Francisco Giants,7
Milwaukee Brewers,12,St. Louis Cardinals,5
Houston Astros,4,Washington Nationals,5
Texas Rangers,6,Atlanta Braves,4
Miami Marlins,6,Chicago Cubs,3
Los Angeles Angels,0,Cincinnati Reds,3
Oakland Athletics,2,Cleveland Guardians,6
Seattle Mariners,1,Colorado Rockies,2
Seattle Mariners,10,Colorado Rockies,2
Baltimore Orioles,5,Kansas City Royals,0
New York Mets,0,Los Angeles Dodgers,10
Detroit Tigers,6,Minnesota Twins,1
Tampa Bay Rays,4,New York Yankees,5
Chicago White Sox,2,Philadelphia Phillies,8
Boston Red Sox,6,Pittsburgh Pirates,1
Toronto Blue Jays,3,San Diego Padres,6
Arizona D'Backs,5,San Francisco Giants,3
Milwaukee Brewers,2,St. Louis Cardinals,0
Houston Astros,0,Washington Nationals,6
Baltimore Orioles,4,Los Angeles Angels,2
Miami Marlins,0,Atlanta Braves,3
Philadelphia Phillies,7,Cincinnati Reds,0
San Diego Padres,3,Colorado Rockies,1
Toronto Blue Jays,5,Kansas City Royals,3
Chicago White Sox,0,Minnesota Twins,7
Oakland Athletics,2,New York Yankees,0
Milwaukee Brewers,2,Pittsburgh Pirates,4
New York Mets,2,San Francisco Giants,5
Arizona D'Backs,3,St. Louis Cardinals,5
Detroit Tigers,7,Tampa Bay Rays,1
Baltimore Orioles,4,Los Angeles Angels,7
Miami Marlins,0,Atlanta Braves,5
Houston Astros,2,Chicago Cubs,7
Philadelphia Phillies,1,Cincinnati Reds,8
Boston Red Sox,1,Cleveland Guardians,4
San Diego Padres,4,Colorado Rockies,7
Toronto Blue Jays,2,Kansas City Royals,3
Chicago White Sox,5,Minnesota Twins,6
Oakland Athletics,3,New York Yankees,4
Milwaukee Brewers,1,Pittsburgh Pirates,2
New York Mets,1,San Francisco Giants,5
Arizona D'Backs,14,St. Louis Cardinals,1
Detroit Tigers,4,Tampa Bay Rays,2
Seattle Mariners,4,Texas Rangers,0
Los Angeles Dodgers,4,Washington Nationals,1
Baltimore Orioles,6,Los Angeles Angels,5
Miami Marlins,3,Atlanta Braves,4
Houston Astros,3,Chicago Cubs,4
Philadelphia Phillies,4,Cincinnati Reds,7
Boston Red Sox,8,Cleveland Guardians,0
San Diego Padres,5,Colorado Rockies,2
Toronto Blue Jays,2,Kansas City Royals,3
Chicago White Sox,3,Minnesota Twins,6
Oakland Athletics,3,New York Yankees,7
Milwaukee Brewers,3,Pittsburgh Pirates,2
New York Mets,8,San Francisco Giants,2
Arizona D'Backs,1,St. Louis Cardinals,5
Detroit Tigers,5,Tampa Bay Rays,7
Seattle Mariners,1,Texas Rangers,5
Los Angeles Dodgers,11,Washington Nationals,2
Houston Astros,1,Chicago Cubs,3
Philadelphia Phillies,5,Cincinnati Reds,0
Boston Red Sox,4,Cleveland Guardians,6
San Diego Padres,9,Colorado Rockies,10
Toronto Blue Jays,1,Kansas City Royals,2
Chicago White Sox,3,Minnesota Twins,6
Oakland Athletics,3,New York Yankees,1
Milwaukee Brewers,7,Pittsburgh Pirates,5
Seattle Mariners,4,Texas Rangers,3
Los Angeles Dodgers,2,Washington Nationals,1
Minnesota Twins,5,Los Angeles Angels,3
Cleveland Guardians,2,Atlanta Braves,6
Oakland Athletics,3,Baltimore Orioles,2
Chicago Cubs,7,Boston Red Sox,1
Tampa Bay Rays,4,Chicago White Sox,9
Kansas City Royals,8,Detroit Tigers,0
Washington Nationals,3,Miami Marlins,1
New York Yankees,6,Milwaukee Brewers,7
St. Louis Cardinals,4,New York Mets,2
Philadelphia Phillies,9,San Diego Padres,3
Arizona D'Backs,1,Seattle Mariners,6
Pittsburgh Pirates,0,San Francisco Giants,3
Cincinnati Reds,1,Texas Rangers,2
Los Angeles Dodgers,12,Toronto Blue Jays,2
Minnesota Twins,16,Los Angeles Angels,5
Cleveland Guardians,4,Atlanta Braves,2
Oakland Athletics,0,Baltimore Orioles,7
Chicago Cubs,0,Boston Red Sox,17
Tampa Bay Rays,7,Chicago White Sox,8
Houston Astros,12,Colorado Rockies,4
Kansas City Royals,5,Detroit Tigers,6
Washington Nationals,11,Miami Marlins,4
New York Yankees,15,Milwaukee Brewers,3
St. Louis Cardinals,7,New York Mets,4
Philadelphia Phillies,5,San Diego Padres,1
Arizona D'Backs,1,Seattle Mariners,3
Pittsburgh Pirates,4,San Francisco Giants,3
Cincinnati Reds,8,Texas Rangers,4
Los Angeles Dodgers,4,Toronto Blue Jays,2
Minnesota Twins,11,Los Angeles Angels,5
Cleveland Guardians,3,Atlanta Braves,4
Oakland Athletics,7,Baltimore Orioles,6
Chicago Cubs,4,Boston Red Sox,5
Tampa Bay Rays,2,Chicago White Sox,4
Houston Astros,8,Colorado Rockies,2
Kansas City Royals,1,Detroit Tigers,4
Washington Nationals,12,Miami Marlins,9
New York Yankees,15,Milwaukee Brewers,5
St. Louis Cardinals,2,New York Mets,4
Philadelphia Phillies,8,San Diego Padres,6
Arizona D'Backs,3,Seattle Mariners,2
Pittsburgh Pirates,2,San Francisco Giants,3
Cincinnati Reds,3,Texas Rangers,4
Los Angeles Dodgers,1,Toronto Blue Jays,3
Philadelphia Phillies,5,Los Angeles Angels,6
Los Angeles Dodgers,8,Arizona D'Backs,4
New York Yankees,0,Baltimore Orioles,2
Minnesota Twins,3,Chicago White Sox,2
Washington Nationals,7,Miami Marlins,2
Tampa Bay Rays,1,Milwaukee Brewers,0
Chicago Cubs,3,New York Mets,1
Pittsburgh Pirates,1,Oakland Athletics,5
Cincinnati Reds,5,San Diego Padres,2
Atlanta Braves,1,Seattle Mariners,2
Kansas City Royals,5,Toronto Blue Jays,6
Philadelphia Phillies,7,Los Angeles Angels,5
Los Angeles Dodgers,3,Arizona D'Backs,4
New York Yankees,2,Baltimore Orioles,4
San Francisco Giants,0,Boston Red Sox,4
Minnesota Twins,6,Chicago White Sox,5
St. Louis Cardinals,2,Detroit Tigers,1
St. Louis Cardinals,6,Detroit Tigers,11
Cleveland Guardians,9,Houston Astros,10
Colorado Rockies,6,Miami Marlins,7
Tampa Bay Rays,2,Milwaukee Brewers,8
Chicago Cubs,2,New York Mets,4
Pittsburgh Pirates,2,Oakland Athletics,5
Cincinnati Reds,4,San Diego Padres,6
Atlanta Braves,2,Seattle Mariners,3
Washington Nationals,1,Texas Rangers,7
Kansas City Royals,4,Toronto Blue Jays,1
Philadelphia Phillies,2,Los Angeles Angels,1
Los Angeles Dodgers,8,Arizona D'Backs,0
New York Yankees,2,Baltimore Orioles,0
San Francisco Giants,2,Boston Red Sox,6
Minnesota Twins,10,Chicago White Sox,5
St. Louis Cardinals,1,Detroit Tigers,4
Cleveland Guardians,3,Houston Astros,2
Colorado Rockies,1,Miami Marlins,4
Tampa Bay Rays,1,Milwaukee Brewers,7
Chicago Cubs,1,New York Mets,0
Pittsburgh Pirates,0,Oakland Athletics,4
Cincinnati Reds,2,San Diego Padres,6
Atlanta Braves,5,Seattle Mariners,2
Washington Nationals,1,Texas Rangers,0
Kansas City Royals,6,Toronto Blue Jays,1
New York Yankees,2,Baltimore Orioles,7
San Francisco Giants,3,Boston Red Sox,1
Cleveland Guardians,2,Houston Astros,8
Colorado Rockies,4,Miami Marlins,5
Chicago Cubs,6,New York Mets,7
Washington Nationals,0,Texas Rangers,6
San Diego Padres,7,Arizona D'Backs,1
Milwaukee Brewers,3,Chicago Cubs,1
Baltimore Orioles,3,Cincinnati Reds,0
Los Angeles Angels,6,Cleveland Guardians,0
Seattle Mariners,3,Houston Astros,5
Texas Rangers,1,Kansas City Royals,7
Atlanta Braves,3,Los Angeles Dodgers,4
Boston Red Sox,2,Minnesota Twins,5
Detroit Tigers,1,New York Yankees,2
Miami Marlins,1,Oakland Athletics,3
San Francisco Giants,3,Philadelphia Phillies,4
Colorado Rockies,3,Pittsburgh Pirates,2
Chicago White Sox,0,St. Louis Cardinals,3
New York Mets,8,Tampa Bay Rays,10
Toronto Blue Jays,3,Washington Nationals,9
San Diego Padres,13,Arizona D'Backs,1
Milwaukee Brewers,5,Chicago Cubs,6
Baltimore Orioles,2,Cincinnati Reds,1
Los Angeles Angels,1,Cleveland Guardians,7
Seattle Mariners,5,Houston Astros,0
Texas Rangers,15,Kansas City Royals,4
Atlanta Braves,2,Los Angeles Dodgers,11
Boston Red Sox,1,Minnesota Twins,3
Detroit Tigers,3,New York Yankees,5
Miami Marlins,4,Oakland Athletics,20
San Francisco Giants,3,Philadelphia Phillies,14
Colorado Rockies,0,Pittsburgh Pirates,1
Chicago White Sox,6,St. Louis Cardinals,5
New York Mets,1,Tampa Bay Rays,3
Toronto Blue Jays,6,Washington Nationals,3
San Diego Padres,4,Arizona D'Backs,11
Milwaukee Brewers,0,Chicago Cubs,5
Baltimore Orioles,11,Cincinnati Reds,1
Los Angeles Angels,1,Cleveland Guardians,4
Seattle Mariners,5,Houston Astros,4
Texas Rangers,3,Kansas City Royals,2
Atlanta Braves,1,Los Angeles Dodgers,5
Boston Red Sox,9,Minnesota Twins,2
Detroit Tigers,2,New York Yankees,5
Miami Marlins,12,Oakland Athletics,3
San Francisco Giants,4,Philadelphia Phillies,5
Colorado Rockies,3,Pittsburgh Pirates,5
Chicago White Sox,5,St. Louis Cardinals,1
New York Mets,6,Tampa Bay Rays,7
Toronto Blue Jays,8,Washington Nationals,11
San Diego Padres,6,Chicago Cubs,3
Detroit Tigers,1,Cleveland Guardians,2
Milwaukee Brewers,2,Kansas City Royals,3
Miami Marlins,3,Los Angeles Dodgers,6
Seattle Mariners,1,Minnesota Twins,3
Texas Rangers,4,Oakland Athletics,2
San Francisco Giants,1,Philadelphia Phillies,6
Los Angeles Angels,1,Pittsburgh Pirates,4
New York Mets,4,St. Louis Cardinals,3
Chicago White Sox,2,Tampa Bay Rays,8
Boston Red Sox,2,Atlanta Braves,4
San Diego Padres,2,Chicago Cubs,3
Arizona D'Backs,6,Cincinnati Reds,2
Detroit Tigers,11,Cleveland Guardians,7
San Francisco Giants,5,Colorado Rockies,0
Milwaukee Brewers,6,Kansas City Royals,5
Miami Marlins,2,Los Angeles Dodgers,8
Seattle Mariners,10,Minnesota Twins,6
Houston Astros,3,New York Yankees,10
Texas Rangers,15,Oakland Athletics,8
Toronto Blue Jays,1,Philadelphia Phillies,10
Los Angeles Angels,9,Pittsburgh Pirates,0
New York Mets,7,St. Louis Cardinals,5
Chicago White Sox,1,Tampa Bay Rays,5
Baltimore Orioles,0,Washington Nationals,3
Boston Red Sox,0,Atlanta Braves,5
San Diego Padres,3,Chicago Cubs,0
Arizona D'Backs,4,Cincinnati Reds,3
Detroit Tigers,4,Cleveland Guardians,5
San Francisco Giants,8,Colorado Rockies,6
Milwaukee Brewers,4,Kansas City Royals,6
Miami Marlins,1,Los Angeles Dodgers,3
Seattle Mariners,3,Minnesota Twins,6
Houston Astros,4,New York Yankees,9
Texas Rangers,4,Oakland Athletics,9
Texas Rangers,12,Oakland Athletics,11
Toronto Blue Jays,5,Philadelphia Phillies,3
Los Angeles Angels,5,Pittsburgh Pirates,4
Chicago White Sox,4,Tampa Bay Rays,1
Baltimore Orioles,7,Washington Nationals,6
Kansas City Royals,10,Los Angeles Angels,4
Cleveland Guardians,2,Chicago White Sox,3
Arizona D'Backs,5,Cincinnati Reds,4
San Francisco Giants,1,Colorado Rockies,9
St. Louis Cardinals,1,Milwaukee Brewers,7
Seattle Mariners,1,Minnesota Twins,11
Houston Astros,4,New York Yankees,3
Kansas City Royals,2,Los Angeles Angels,1
Arizona D'Backs,2,Baltimore Orioles,4
Washington Nationals,5,Boston Red Sox,1
Cleveland Guardians,3,Chicago White Sox,6
Texas Rangers,2,Colorado Rockies,4
Houston Astros,5,Detroit Tigers,2
Philadelphia Phillies,8,Miami Marlins,2
St. Louis Cardinals,2,Milwaukee Brewers,11
Atlanta Braves,4,New York Mets,2
Chicago Cubs,7,Pittsburgh Pirates,2
Los Angeles Dodgers,1,San Diego Padres,2
Oakland Athletics,1,Seattle Mariners,8
Cincinnati Reds,4,San Francisco Giants,2
New York Yankees,2,Tampa Bay Rays,0
Minnesota Twins,3,Toronto Blue Jays,2
Kansas City Royals,3,Los Angeles Angels,9
Arizona D'Backs,4,Baltimore Orioles,5
Washington Nationals,2,Boston Red Sox,4
Cleveland Guardians,1,Chicago White Sox,3
Texas Rangers,3,Colorado Rockies,8
Houston Astros,2,Detroit Tigers,8
Philadelphia Phillies,8,Miami Marlins,3
St. Louis Cardinals,3,Milwaukee Brewers,5
Atlanta Braves,4,New York Mets,1
Chicago Cubs,9,Pittsburgh Pirates,10
Los Angeles Dodgers,5,San Diego Padres,0
Oakland Athletics,8,Seattle Mariners,1
Cincinnati Reds,1,San Francisco Giants,5
New York Yankees,2,Tampa Bay Rays,7
Minnesota Twins,8,Toronto Blue Jays,10
Kansas City Royals,4,Los Angeles Angels,2
Arizona D'Backs,9,Baltimore Orioles,2
Washington Nationals,2,Boston Red Sox,3
Cleveland Guardians,7,Chicago White Sox,0
Texas Rangers,1,Colorado Rockies,3
Houston Astros,9,Detroit Tigers,3
Philadelphia Phillies,6,Miami Marlins,7
St. Louis Cardinals,4,Milwaukee Brewers,3
Atlanta Braves,3,New York Mets,4
Chicago Cubs,5,Pittsburgh Pirates,4
Los Angeles Dodgers,0,San Diego Padres,4
Oakland Athletics,4,Seattle Mariners,8
Cincinnati Reds,5,San Francisco Giants,6
New York Yankees,10,Tampa Bay Rays,6
Minnesota Twins,5,Toronto Blue Jays,1
St. Louis Cardinals,10,Los Angeles Angels,5
Cincinnati Reds,5,Arizona D'Backs,6
Chicago Cubs,0,Atlanta Braves,2
Toronto Blue Jays,3,Baltimore Orioles,2
Tampa Bay Rays,5,Boston Red Sox,3
Miami Marlins,5,Detroit Tigers,6
Oakland Athletics,2,Houston Astros,9
Pittsburgh Pirates,8,Milwaukee Brewers,6
Philadelphia Phillies,5,New York Mets,4
Colorado Rockies,5,San Diego Padres,4
Kansas City Royals,2,Seattle Mariners,6
Los Angeles Dodgers,6,San Francisco Giants,4
Cleveland Guardians,7,Texas Rangers,0
St. Louis Cardinals,7,Los Angeles Angels,6
Cincinnati Reds,6,Arizona D'Backs,2
Chicago Cubs,0,Atlanta Braves,7
Tampa Bay Rays,4,Boston Red Sox,5
Washington Nationals,6,Chicago White Sox,3
Washington Nationals,0,Chicago White Sox,4
Miami Marlins,1,Detroit Tigers,0
Oakland Athletics,1,Houston Astros,2
Pittsburgh Pirates,3,Milwaukee Brewers,4
New York Yankees,5,Minnesota Twins,1
Philadelphia Phillies,4,New York Mets,0
Colorado Rockies,6,San Diego Padres,3
Kansas City Royals,4,Seattle Mariners,2
Los Angeles Dodgers,10,San Francisco Giants,2
Cleveland Guardians,7,Texas Rangers,4
St. Louis Cardinals,2,Los Angeles Angels,7
Cincinnati Reds,1,Arizona D'Backs,2
Chicago Cubs,7,Atlanta Braves,1
Toronto Blue Jays,2,Baltimore Orioles,3
Tampa Bay Rays,4,Boston Red Sox,3
Washington Nationals,0,Chicago White Sox,2
Miami Marlins,2,Detroit Tigers,0
Oakland Athletics,0,Houston Astros,3
Pittsburgh Pirates,2,Milwaukee Brewers,10
New York Yankees,4,Minnesota Twins,0
New York Mets,5,Philadelphia Phillies,10
Colorado Rockies,8,San Diego Padres,0
Kansas City Royals,2,Seattle Mariners,4
Los Angeles Dodgers,1,San Francisco Giants,4
Cleveland Guardians,0,Texas Rangers,4
Tampa Bay Rays,7,Boston Red Sox,5
Pittsburgh Pirates,5,Chicago Cubs,4
Oakland Athletics,1,Houston Astros,8
Cincinnati Reds,7,Los Angeles Dodgers,2
New York Yankees,5,Minnesota Twins,0
New York Mets,6,Philadelphia Phillies,5
Detroit Tigers,13,Arizona D'Backs,0
San Diego Padres,3,Atlanta Braves,1
Seattle Mariners,2,Baltimore Orioles,9
Pittsburgh Pirates,9,Chicago Cubs,3
Minnesota Twins,2,Cleveland Guardians,3
Milwaukee Brewers,4,Houston Astros,5
Oakland Athletics,2,Kansas City Royals,6
Cincinnati Reds,3,Los Angeles Dodgers,7
New York Mets,0,Miami Marlins,8
Chicago White Sox,2,New York Yankees,4
Washington Nationals,2,Philadelphia Phillies,4
Colorado Rockies,5,San Francisco Giants,10
Boston Red Sox,6,St. Louis Cardinals,10
Los Angeles Angels,9,Texas Rangers,3
Tampa Bay Rays,4,Toronto Blue Jays,3
Detroit Tigers,8,Arizona D'Backs,3
Seattle Mariners,4,Baltimore Orioles,3
Pittsburgh Pirates,0,Chicago Cubs,1
Minnesota Twins,4,Cleveland Guardians,11
Milwaukee Brewers,4,Houston Astros,2
Oakland Athletics,3,Kansas City Royals,5
Cincinnati Reds,0,Los Angeles Dodgers,4
New York Mets,9,Miami Marlins,10
Chicago White Sox,1,New York Yankees,6
Washington Nationals,3,Philadelphia Phillies,4
Colorado Rockies,4,San Francisco Giants,14
Boston Red Sox,2,St. Louis Cardinals,7
Los Angeles Angels,2,Texas Rangers,3
Tampa Bay Rays,5,Toronto Blue Jays,4
Detroit Tigers,4,Arizona D'Backs,6
San Diego Padres,9,Atlanta Braves,1
Seattle Mariners,3,Baltimore Orioles,6
Pittsburgh Pirates,3,Chicago Cubs,2
Minnesota Twins,2,Cleveland Guardians,5
Milwaukee Brewers,4,Houston Astros,9
Oakland Athletics,4,Kansas City Royals,8
Cincinnati Reds,2,Los Angeles Dodgers,3
New York Mets,7,Miami Marlins,3
Chicago White Sox,2,New York Yankees,7
Washington Nationals,5,Philadelphia Phillies,11
Colorado Rockies,1,San Francisco Giants,4
Boston Red Sox,11,St. Louis Cardinals,3
Los Angeles Angels,4,Texas Rangers,1
Tampa Bay Rays,2,Toronto Blue Jays,5
San Diego Padres,6,Atlanta Braves,5
San Diego Padres,0,Atlanta Braves,3
New York Mets,1,Cleveland Guardians,3
Los Angeles Angels,9,Houston Astros,7
Detroit Tigers,3,Kansas City Royals,8
Arizona D'Backs,4,Los Angeles Dodgers,6
Milwaukee Brewers,2,Miami Marlins,3
Seattle Mariners,5,New York Yankees,4
Baltimore Orioles,3,St. Louis Cardinals,6
Boston Red Sox,5,Tampa Bay Rays,0
Chicago White Sox,3,Toronto Blue Jays,9
Minnesota Twins,3,Washington Nationals,12
Atlanta Braves,3,Chicago Cubs,4
San Diego Padres,0,Cincinnati Reds,2
New York Mets,6,Cleveland Guardians,7
Los Angeles Angels,5,Houston Astros,6
Detroit Tigers,3,Kansas City Royals,10
Arizona D'Backs,7,Los Angeles Dodgers,3
Milwaukee Brewers,7,Miami Marlins,5
Seattle Mariners,6,New York Yankees,3
Colorado Rockies,4,Oakland Athletics,5
Texas Rangers,2,Philadelphia Phillies,5
San Francisco Giants,6,Pittsburgh Pirates,7
Baltimore Orioles,1,St. Louis Cardinals,3
Boston Red Sox,5,Tampa Bay Rays,2
Chicago White Sox,5,Toronto Blue Jays,0
Minnesota Twins,10,Washington Nationals,0
Atlanta Braves,9,Chicago Cubs,2
San Diego Padres,7,Cincinnati Reds,3
New York Mets,3,Cleveland Guardians,6
Los Angeles Angels,2,Houston Astros,1
Detroit Tigers,3,Kansas City Royals,8
Arizona D'Backs,6,Los Angeles Dodgers,0
Milwaukee Brewers,0,Miami Marlins,1
Seattle Mariners,3,New York Yankees,7
Colorado Rockies,4,Oakland Athletics,3
Texas Rangers,4,Philadelphia Phillies,11
San Francisco Giants,9,Pittsburgh Pirates,5
Baltimore Orioles,4,St. Louis Cardinals,5
Boston Red Sox,8,Tampa Bay Rays,5
Chicago White Sox,2,Toronto Blue Jays,9
Minnesota Twins,3,Washington Nationals,2
Baltimore Orioles,8,Chicago White Sox,6
Atlanta Braves,3,Chicago Cubs,0
San Diego Padres,6,Cincinnati Reds,4
Toronto Blue Jays,9,Detroit Tigers,1
Seattle Mariners,0,New York Yankees,5
Colorado Rockies,9,Oakland Athletics,10
Texas Rangers,2,Philadelphia Phillies,5
San Francisco Giants,7,Pittsburgh Pirates,6
Cleveland Guardians,10,Los Angeles Angels,4
Miami Marlins,3,Arizona D'Backs,0
Milwaukee Brewers,7,Boston Red Sox,2
Baltimore Orioles,6,Chicago White Sox,4
Los Angeles Dodgers,6,Cincinnati Reds,9
Philadelphia Phillies,2,Colorado Rockies,3
Toronto Blue Jays,2,Detroit Tigers,6
Texas Rangers,2,Minnesota Twins,3
San Francisco Giants,8,New York Mets,7
Houston Astros,6,Oakland Athletics,3
Atlanta Braves,5,Pittsburgh Pirates,11
New York Yankees,8,San Diego Padres,0
Kansas City Royals,8,Tampa Bay Rays,1
Seattle Mariners,1,Washington Nationals,6
Cleveland Guardians,4,Los Angeles Angels,3
Miami Marlins,2,Arizona D'Backs,3
Milwaukee Brewers,6,Boston Red Sox,3
Baltimore Orioles,5,Chicago White Sox,3
Los Angeles Dodgers,1,Cincinnati Reds,3
Philadelphia Phillies,8,Colorado Rockies,4
Toronto Blue Jays,1,Detroit Tigers,2
Texas Rangers,3,Minnesota Twins,5
San Francisco Giants,7,New York Mets,2
Houston Astros,1,Oakland Athletics,3
Atlanta Braves,1,Pittsburgh Pirates,4
New York Yankees,4,San Diego Padres,1
Chicago Cubs,6,St. Louis Cardinals,7
Kansas City Royals,7,Tampa Bay Rays,4
Seattle Mariners,1,Washington Nationals,3
Cleveland Guardians,5,Los Angeles Angels,4
Miami Marlins,3,Arizona D'Backs,1
Milwaukee Brewers,1,Boston Red Sox,2
Baltimore Orioles,4,Chicago White Sox,1
Los Angeles Dodgers,1,Cincinnati Reds,4
Philadelphia Phillies,2,Colorado Rockies,5
Toronto Blue Jays,11,Detroit Tigers,14
Texas Rangers,6,Minnesota Twins,2
San Francisco Giants,3,New York Mets,4
Houston Astros,5,Oakland Athletics,2
Atlanta Braves,8,Pittsburgh Pirates,1
New York Yankees,2,San Diego Padres,5
Chicago Cubs,3,St. Louis Cardinals,4
Kansas City Royals,1,Tampa Bay Rays,4
Seattle Mariners,9,Washington Nationals,5
Washington Nationals,8,Atlanta Braves,4
Boston Red Sox,3,Baltimore Orioles,11
Toronto Blue Jays,5,Chicago White Sox,1
St. Louis Cardinals,1,Cincinnati Reds,3
Cleveland Guardians,6,Colorado Rockies,8
Chicago Cubs,1,Milwaukee Brewers,5
Kansas City Royals,5,Minnesota Twins,6
Miami Marlins,1,San Diego Padres,2
Houston Astros,2,Seattle Mariners,3
Philadelphia Phillies,4,San Francisco Giants,8
New York Yankees,3,Los Angeles Angels,4
Washington Nationals,0,Atlanta Braves,2
Boston Red Sox,8,Baltimore Orioles,3
Toronto Blue Jays,7,Chicago White Sox,2
St. Louis Cardinals,7,Cincinnati Reds,1
Cleveland Guardians,13,Colorado Rockies,7
Chicago Cubs,6,Milwaukee Brewers,3
Kansas City Royals,2,Minnesota Twins,4
Los Angeles Dodgers,5,New York Mets,2
Los Angeles Dodgers,3,New York Mets,0
Miami Marlins,0,San Diego Padres,4
Houston Astros,2,Seattle Mariners,4
Philadelphia Phillies,0,San Francisco Giants,1
Oakland Athletics,3,Tampa Bay Rays,0
Arizona D'Backs,2,Texas Rangers,4
New York Yankees,2,Los Angeles Angels,1
Washington Nationals,7,Atlanta Braves,2
Boston Red Sox,1,Baltimore Orioles,6
Toronto Blue Jays,3,Chicago White Sox,1
St. Louis Cardinals,5,Cincinnati Reds,3
Cleveland Guardians,4,Colorado Rockies,7
Pittsburgh Pirates,0,Detroit Tigers,8
Pittsburgh Pirates,10,Detroit Tigers,2
Chicago Cubs,6,Milwaukee Brewers,10
Kansas City Royals,6,Minnesota Twins,1
Los Angeles Dodgers,10,New York Mets,3
Miami Marlins,9,San Diego Padres,1
Houston Astros,1,Seattle Mariners,2
Philadelphia Phillies,6,San Francisco Giants,1
Oakland Athletics,3,Tampa Bay Rays,4
Arizona D'Backs,1,Texas Rangers,6
New York Yankees,8,Los Angeles Angels,3
Washington Nationals,3,Atlanta Braves,1
Detroit Tigers,5,Boston Red Sox,0
Chicago Cubs,4,Milwaukee Brewers,6
Kansas City Royals,6,Minnesota Twins,7
Arizona D'Backs,2,New York Mets,3
Houston Astros,4,Seattle Mariners,0
Oakland Athletics,5,Tampa Bay Rays,6
Oakland Athletics,2,Atlanta Braves,4
Tampa Bay Rays,1,Baltimore Orioles,3
Detroit Tigers,3,Boston Red Sox,7
Cincinnati Reds,5,Chicago Cubs,4
Washington Nationals,1,Cleveland Guardians,7
Minnesota Twins,6,Houston Astros,1
San Diego Padres,11,Kansas City Royals,8
Colorado Rockies,4,Los Angeles Dodgers,1
Texas Rangers,2,Miami Marlins,8
Chicago White Sox,5,Milwaukee Brewers,12
Arizona D'Backs,9,New York Mets,10
St. Louis Cardinals,2,Philadelphia Phillies,4
Los Angeles Angels,4,Seattle Mariners,5
New York Yankees,6,San Francisco Giants,2
Pittsburgh Pirates,3,Toronto Blue Jays,5
Oakland Athletics,11,Atlanta Braves,9
Tampa Bay Rays,5,Baltimore Orioles,9
Detroit Tigers,3,Boston Red Sox,6
Cincinnati Reds,5,Chicago Cubs,7
Washington Nationals,2,Cleveland Guardians,3
Minnesota Twins,2,Houston Astros,5
San Diego Padres,7,Kansas City Royals,3
Colorado Rockies,1,Los Angeles Dodgers,4
Texas Rangers,7,Miami Marlins,0
Chicago White Sox,3,Milwaukee Brewers,4
Arizona D'Backs,10,New York Mets,5
St. Louis Cardinals,1,Philadelphia Phillies,6
Los Angeles Angels,0,Seattle Mariners,9
New York Yankees,7,San Francisco Giants,3
Pittsburgh Pirates,8,Toronto Blue Jays,1
Oakland Athletics,1,Atlanta Braves,3
Tampa Bay Rays,4,Baltimore Orioles,3
Detroit Tigers,8,Boston Red Sox,4
Cincinnati Reds,5,Chicago Cubs,2
Washington Nationals,5,Cleveland Guardians,2
Minnesota Twins,4,Houston Astros,3
San Diego Padres,3,Kansas City Royals,4
Colorado Rockies,0,Los Angeles Dodgers,4
Texas Rangers,6,Miami Marlins,0
Chicago White Sox,3,Milwaukee Brewers,6
Arizona D'Backs,5,New York Mets,4
St. Louis Cardinals,5,Philadelphia Phillies,4
Los Angeles Angels,1,Seattle Mariners,5
New York Yankees,7,San Francisco Giants,5
Pittsburgh Pirates,4,Toronto Blue Jays,5
San Diego Padres,1,Los Angeles Angels,2
San Francisco Giants,2,Arizona D'Backs,4
Cincinnati Reds,13,Colorado Rockies,3
St. Louis Cardinals,4,Houston Astros,7
Milwaukee Brewers,1,Philadelphia Phillies,3
Detroit Tigers,2,Texas Rangers,1
Baltimore Orioles,7,Toronto Blue Jays,2
New York Mets,8,Washington Nationals,7
San Diego Padres,2,Los Angeles Angels,4
San Francisco Giants,5,Arizona D'Backs,8
Atlanta Braves,8,Boston Red Sox,3
Chicago White Sox,6,Chicago Cubs,7
Kansas City Royals,5,Cleveland Guardians,8
Cincinnati Reds,4,Colorado Rockies,1
St. Louis Cardinals,5,Houston Astros,8
Tampa Bay Rays,9,Miami Marlins,5
Minnesota Twins,1,New York Yankees,5
Seattle Mariners,4,Oakland Athletics,3
Milwaukee Brewers,1,Philadelphia Phillies,2
Los Angeles Dodgers,0,Pittsburgh Pirates,1
Detroit Tigers,3,Texas Rangers,1
Baltimore Orioles,10,Toronto Blue Jays,1
New York Mets,6,Washington Nationals,3
San Diego Padres,2,Los Angeles Angels,3
San Francisco Giants,9,Arizona D'Backs,3
Atlanta Braves,0,Boston Red Sox,9
Chicago White Sox,6,Chicago Cubs,7
Cincinnati Reds,12,Colorado Rockies,7
St. Louis Cardinals,4,Houston Astros,2
Tampa Bay Rays,5,Miami Marlins,3
Minnesota Twins,5,New York Yankees,9
Seattle Mariners,1,Oakland Athletics,2
Milwaukee Brewers,0,Philadelphia Phillies,2
Los Angeles Dodgers,6,Pittsburgh Pirates,10
Detroit Tigers,1,Texas Rangers,9
Baltimore Orioles,2,Toronto Blue Jays,3
New York Mets,9,Washington Nationals,1
Boston Red Sox,14,Chicago White Sox,2
Chicago Cubs,4,Cincinnati Reds,8
Kansas City Royals,4,Cleveland Guardians,3
Minnesota Twins,5,New York Yankees,8
Seattle Mariners,3,Oakland Athletics,0
Los Angeles Dodgers,11,Pittsburgh Pirates,7
Arizona D'Backs,4,San Diego Padres,3
Colorado Rockies,3,St. Louis Cardinals,2
Baltimore Orioles,5,Toronto Blue Jays,6
Atlanta Braves,5,Washington Nationals,2
Houston Astros,7,Los Angeles Angels,1
Boston Red Sox,2,Chicago White Sox,7
Chicago Cubs,2,Cincinnati Reds,3
Milwaukee Brewers,10,Detroit Tigers,0
Seattle Mariners,9,Kansas City Royals,10
Cleveland Guardians,2,Miami Marlins,3
Los Angeles Dodgers,2,New York Yankees,1
Toronto Blue Jays,1,Oakland Athletics,2
Minnesota Twins,0,Pittsburgh Pirates,3
Arizona D'Backs,3,San Diego Padres,10
Colorado Rockies,5,St. Louis Cardinals,8
Baltimore Orioles,6,Tampa Bay Rays,3
San Francisco Giants,5,Texas Rangers,2
Atlanta Braves,1,Washington Nationals,2
Houston Astros,6,Los Angeles Angels,1
Boston Red Sox,1,Chicago White Sox,6
Chicago Cubs,3,Cincinnati Reds,4
Milwaukee Brewers,5,Detroit Tigers,4
Seattle Mariners,4,Kansas City Royals,8
Cleveland Guardians,8,Miami Marlins,0
Los Angeles Dodgers,11,New York Yankees,3
Philadelphia Phillies,7,New York Mets,2
Toronto Blue Jays,7,Oakland Athletics,0
Minnesota Twins,0,Pittsburgh Pirates,4
Arizona D'Backs,1,San Diego Padres,13
Colorado Rockies,6,St. Louis Cardinals,5
Baltimore Orioles,5,Tampa Bay Rays,0
San Francisco Giants,3,Texas Rangers,1
Atlanta Braves,3,Washington Nationals,7
Houston Astros,7,Los Angeles Angels,9
Boston Red Sox,6,Chicago White Sox,4
Chicago Cubs,4,Cincinnati Reds,2
Milwaukee Brewers,2,Detroit Tigers,10
Seattle Mariners,6,Kansas City Royals,5
Cleveland Guardians,6,Miami Marlins,3
Los Angeles Dodgers,4,New York Yankees,6
Toronto Blue Jays,6,Oakland Athletics,4
New York Mets,6,Philadelphia Phillies,5
Minnesota Twins,11,Pittsburgh Pirates,5
Arizona D'Backs,9,San Diego Padres,3
Colorado Rockies,1,St. Louis Cardinals,5
Baltimore Orioles,9,Tampa Bay Rays,2
San Francisco Giants,2,Texas Rangers,7
Atlanta Braves,5,Washington Nationals,8
New York Yankees,4,Kansas City Royals,2
Toronto Blue Jays,1,Milwaukee Brewers,3
Colorado Rockies,0,Minnesota Twins,5
Oakland Athletics,1,San Diego Padres,6
Chicago White Sox,4,Seattle Mariners,8
Houston Astros,3,San Francisco Giants,4
Baltimore Orioles,5,Tampa Bay Rays,2
Los Angeles Angels,4,Arizona D'Backs,9
Atlanta Braves,0,Baltimore Orioles,4
Philadelphia Phillies,4,Boston Red Sox,1
Cleveland Guardians,5,Cincinnati Reds,3
Washington Nationals,5,Detroit Tigers,4
New York Yankees,10,Kansas City Royals,1
Texas Rangers,2,Los Angeles Dodgers,15
Toronto Blue Jays,3,Milwaukee Brewers,0
Colorado Rockies,5,Minnesota Twins,4
Miami Marlins,4,New York Mets,2
Oakland Athletics,3,San Diego Padres,4
Chicago White Sox,3,Seattle Mariners,4
Houston Astros,3,San Francisco Giants,1
Pittsburgh Pirates,2,St. Louis Cardinals,1
Chicago Cubs,2,Tampa Bay Rays,5
Los Angeles Angels,8,Arizona D'Backs,3
Atlanta Braves,2,Baltimore Orioles,4
Philadelphia Phillies,6,Boston Red Sox,8
Cleveland Guardians,2,Cincinnati Reds,4
Washington Nationals,7,Detroit Tigers,5
New York Yankees,11,Kansas City Royals,5
Texas Rangers,3,Los Angeles Dodgers,2
Toronto Blue Jays,4,Milwaukee Brewers,5
Colorado Rockies,9,Minnesota Twins,17
Miami Marlins,4,New York Mets,10
Oakland Athletics,4,San Diego Padres,5
Chicago White Sox,1,Seattle Mariners,2
Houston Astros,3,San Francisco Giants,5
Pittsburgh Pirates,2,St. Louis Cardinals,4
Chicago Cubs,4,Tampa Bay Rays,3
Los Angeles Angels,1,Arizona D'Backs,11
Atlanta Braves,6,Baltimore Orioles,3
Philadelphia Phillies,3,Boston Red Sox,9
Washington Nationals,2,Detroit Tigers,7
New York Yankees,3,Kansas City Royals,4
Texas Rangers,3,Los Angeles Dodgers,1
Oakland Athletics,2,Minnesota Twins,6
Miami Marlins,2,New York Mets,3
Chicago White Sox,3,Seattle Mariners,2
Pittsburgh Pirates,3,St. Louis Cardinals,4
Chicago Cubs,2,Tampa Bay Rays,3
Chicago White Sox,1,Arizona D'Backs,7
Tampa Bay Rays,3,Atlanta Braves,7
Philadelphia Phillies,5,Baltimore Orioles,3
New York Yankees,8,Boston Red Sox,1
St. Louis Cardinals,3,Chicago Cubs,0
Pittsburgh Pirates,5,Colorado Rockies,2
Detroit Tigers,0,Houston Astros,4
Kansas City Royals,3,Los Angeles Dodgers,4
Cincinnati Reds,6,Milwaukee Brewers,5
Oakland Athletics,5,Minnesota Twins,6
San Diego Padres,1,New York Mets,2
Texas Rangers,2,Seattle Mariners,3
Los Angeles Angels,8,San Francisco Giants,6
Cleveland Guardians,3,Toronto Blue Jays,1
Miami Marlins,1,Washington Nationals,8
Chicago White Sox,9,Arizona D'Backs,2
Tampa Bay Rays,2,Atlanta Braves,9
Philadelphia Phillies,2,Baltimore Orioles,6
New York Yankees,4,Boston Red Sox,8
St. Louis Cardinals,1,Chicago Cubs,5
Pittsburgh Pirates,4,Colorado Rockies,16
Detroit Tigers,13,Houston Astros,5
Kansas City Royals,7,Los Angeles Dodgers,2
Cincinnati Reds,1,Milwaukee Brewers,3
San Diego Padres,1,New York Mets,5
Texas Rangers,5,Seattle Mariners,7
Los Angeles Angels,4,San Francisco Giants,3
Cleveland Guardians,0,Toronto Blue Jays,5
Miami Marlins,0,Washington Nationals,4
Chicago White Sox,5,Arizona D'Backs,12
Tampa Bay Rays,8,Atlanta Braves,6
Philadelphia Phillies,3,Baltimore Orioles,8
New York Yankees,3,Boston Red Sox,9
St. Louis Cardinals,2,Chicago Cubs,1
Pittsburgh Pirates,8,Colorado Rockies,2
Detroit Tigers,1,Houston Astros,4
Kansas City Royals,0,Los Angeles Dodgers,3
Cincinnati Reds,4,Milwaukee Brewers,5
Oakland Athletics,2,Minnesota Twins,6
Oakland Athletics,7,Minnesota Twins,8
San Diego Padres,6,New York Mets,11
Texas Rangers,0,Seattle Mariners,5
Los Angeles Angels,6,San Francisco Giants,13
Cleveland Guardians,6,Toronto Blue Jays,7
Miami Marlins,1,Washington Nationals,3
Milwaukee Brewers,3,Los Angeles Angels,5
Detroit Tigers,1,Atlanta Braves,2
San Francisco Giants,7,Chicago Cubs,6
Los Angeles Dodgers,9,Colorado Rockies,5
St. Louis Cardinals,7,Miami Marlins,6
San Diego Padres,2,Philadelphia Phillies,9
Cincinnati Reds,1,Pittsburgh Pirates,4
New York Mets,14,Texas Rangers,2
Boston Red Sox,7,Toronto Blue Jays,3
Milwaukee Brewers,6,Los Angeles Angels,3
Detroit Tigers,1,Atlanta Braves,2
Houston Astros,0,Chicago White Sox,2
San Francisco Giants,2,Chicago Cubs,5
Seattle Mariners,8,Cleveland Guardians,5
Los Angeles Dodgers,11,Colorado Rockies,9
St. Louis Cardinals,8,Miami Marlins,9
Tampa Bay Rays,6,Minnesota Twins,7
Baltimore Orioles,2,New York Yankees,4
Kansas City Royals,5,Oakland Athletics,7
San Diego Padres,3,Philadelphia Phillies,4
Cincinnati Reds,2,Pittsburgh Pirates,1
New York Mets,7,Texas Rangers,6
Boston Red Sox,4,Toronto Blue Jays,3
Arizona D'Backs,5,Washington Nationals,0
Milwaukee Brewers,2,Los Angeles Angels,0
Detroit Tigers,0,Atlanta Braves,7
Houston Astros,4,Chicago White Sox,1
San Francisco Giants,5,Chicago Cubs,6
Seattle Mariners,0,Cleveland Guardians,8
Los Angeles Dodgers,6,Colorado Rockies,7
St. Louis Cardinals,3,Miami Marlins,4
Tampa Bay Rays,3,Minnesota Twins,2
Baltimore Orioles,7,New York Yankees,6
Kansas City Royals,1,Oakland Athletics,5
San Diego Padres,5,Philadelphia Phillies,2
Cincinnati Reds,0,Pittsburgh Pirates,1
New York Mets,3,Texas Rangers,5
Boston Red Sox,7,Toronto Blue Jays,3
Arizona D'Backs,1,Washington Nationals,3
Houston Astros,5,Chicago White Sox,3
Seattle Mariners,3,Cleveland Guardians,6
Los Angeles Dodgers,5,Colorado Rockies,3
Tampa Bay Rays,7,Minnesota Twins,6
Baltimore Orioles,17,New York Yankees,5
Kansas City Royals,3,Oakland Athletics,2
Milwaukee Brewers,6,San Diego Padres,7
San Francisco Giants,5,St. Louis Cardinals,6
Arizona D'Backs,5,Washington Nationals,2
New York Mets,11,Chicago Cubs,1
Boston Red Sox,2,Cincinnati Reds,5
Toronto Blue Jays,1,Cleveland Guardians,7
Washington Nationals,11,Colorado Rockies,5
Chicago White Sox,1,Detroit Tigers,2
Baltimore Orioles,11,Houston Astros,14
Los Angeles Angels,3,Los Angeles Dodgers,2
Seattle Mariners,2,Miami Marlins,3
Atlanta Braves,8,New York Yankees,1
Minnesota Twins,5,Oakland Athletics,6
Arizona D'Backs,5,Philadelphia Phillies,4
Tampa Bay Rays,10,Pittsburgh Pirates,3
Milwaukee Brewers,5,San Diego Padres,9
Kansas City Royals,2,Texas Rangers,6
New York Mets,1,Chicago Cubs,8
Boston Red Sox,4,Cincinnati Reds,3
Toronto Blue Jays,3,Cleveland Guardians,6
Washington Nationals,7,Colorado Rockies,8
Chicago White Sox,5,Detroit Tigers,1
Baltimore Orioles,1,Houston Astros,5
Los Angeles Angels,2,Los Angeles Dodgers,7
Seattle Mariners,9,Miami Marlins,0
Atlanta Braves,3,New York Yankees,8
Minnesota Twins,10,Oakland Athletics,2
Arizona D'Backs,1,Philadelphia Phillies,12
Tampa Bay Rays,3,Pittsburgh Pirates,4
Milwaukee Brewers,4,San Diego Padres,6
San Francisco Giants,4,St. Louis Cardinals,9
Kansas City Royals,0,Texas Rangers,6
New York Mets,5,Chicago Cubs,2
Boston Red Sox,7,Cincinnati Reds,4
Toronto Blue Jays,5,Cleveland Guardians,6
Washington Nationals,2,Colorado Rockies,1
Chicago White Sox,2,Detroit Tigers,11
Baltimore Orioles,1,Houston Astros,8
Seattle Mariners,4,Miami Marlins,6
Atlanta Braves,3,New York Yankees,1
Minnesota Twins,3,Oakland Athletics,0
Arizona D'Backs,1,Philadelphia Phillies,4
Tampa Bay Rays,3,Pittsburgh Pirates,1
Milwaukee Brewers,6,San Diego Padres,2
San Francisco Giants,3,St. Louis Cardinals,5
Kansas City Royals,0,Texas Rangers,4
Oakland Athletics,1,Los Angeles Angels,5
Cleveland Guardians,3,Baltimore Orioles,2
Toronto Blue Jays,6,Boston Red Sox,7
Los Angeles Dodgers,3,Chicago White Sox,0
Pittsburgh Pirates,5,Cincinnati Reds,11
Philadelphia Phillies,8,Detroit Tigers,1
Miami Marlins,1,Kansas City Royals,4
Texas Rangers,3,Milwaukee Brewers,6
Washington Nationals,6,San Diego Padres,7
Chicago Cubs,4,San Francisco Giants,5
Atlanta Braves,3,St. Louis Cardinals,4
Seattle Mariners,3,Tampa Bay Rays,4
Oakland Athletics,5,Los Angeles Angels,7
Minnesota Twins,4,Arizona D'Backs,5
Cleveland Guardians,10,Baltimore Orioles,8
Toronto Blue Jays,9,Boston Red Sox,4
Los Angeles Dodgers,4,Chicago White Sox,3
Pittsburgh Pirates,9,Cincinnati Reds,5
Philadelphia Phillies,1,Detroit Tigers,4
Colorado Rockies,2,Houston Astros,5
Miami Marlins,2,Kansas City Royals,1
Texas Rangers,1,Milwaukee Brewers,3
New York Yankees,7,New York Mets,9
Washington Nationals,7,San Diego Padres,9
Chicago Cubs,1,San Francisco Giants,5
Seattle Mariners,3,Tampa Bay Rays,11
Oakland Athletics,2,Los Angeles Angels,5
Minnesota Twins,8,Arizona D'Backs,3
Cleveland Guardians,2,Baltimore Orioles,4
Toronto Blue Jays,4,Boston Red Sox,1
Los Angeles Dodgers,4,Chicago White Sox,0
Pittsburgh Pirates,6,Cincinnati Reds,1
Philadelphia Phillies,6,Detroit Tigers,2
Colorado Rockies,1,Houston Astros,7
Miami Marlins,1,Kansas City Royals,5
Texas Rangers,5,Milwaukee Brewers,6
New York Yankees,2,New York Mets,12
Washington Nationals,5,San Diego Padres,8
Chicago Cubs,3,San Francisco Giants,4
Atlanta Braves,6,St. Louis Cardinals,2
Atlanta Braves,1,St. Louis Cardinals,4
Seattle Mariners,5,Tampa Bay Rays,2
Detroit Tigers,0,Los Angeles Angels,5
Minnesota Twins,13,Arizona D'Backs,6
Texas Rangers,2,Baltimore Orioles,11
Atlanta Braves,0,Chicago White Sox,1
Cleveland Guardians,1,Kansas City Royals,2
Miami Marlins,7,Philadelphia Phillies,4
Chicago Cubs,5,San Francisco Giants,3
Cincinnati Reds,11,St. Louis Cardinals,4
New York Yankees,2,Toronto Blue Jays,9
Detroit Tigers,2,Los Angeles Angels,5
Oakland Athletics,9,Arizona D'Backs,4
Pittsburgh Pirates,1,Atlanta Braves,6
Texas Rangers,1,Baltimore Orioles,2
San Diego Padres,9,Boston Red Sox,2
Colorado Rockies,3,Chicago White Sox,5
Cleveland Guardians,3,Kansas City Royals,10
Chicago Cubs,2,Milwaukee Brewers,4
Houston Astros,2,New York Mets,7
Miami Marlins,0,Philadelphia Phillies,2
Minnesota Twins,2,Seattle Mariners,3
Los Angeles Dodgers,3,San Francisco Giants,5
Cincinnati Reds,0,St. Louis Cardinals,1
Washington Nationals,1,Tampa Bay Rays,3
New York Yankees,16,Toronto Blue Jays,5
Detroit Tigers,5,Los Angeles Angels,6
Oakland Athletics,0,Arizona D'Backs,3
Pittsburgh Pirates,1,Atlanta Braves,2
Texas Rangers,5,Baltimore Orioles,6
San Diego Padres,11,Boston Red Sox,1
Colorado Rockies,3,Chicago White Sox,11
Cleveland Guardians,7,Kansas City Royals,2
Chicago Cubs,5,Milwaukee Brewers,3
Houston Astros,9,New York Mets,6
Miami Marlins,3,Philadelphia Phillies,2
Minnesota Twins,5,Seattle Mariners,1
Los Angeles Dodgers,14,San Francisco Giants,7
Cincinnati Reds,9,St. Louis Cardinals,4
Washington Nationals,8,Tampa Bay Rays,1
New York Yankees,3,Toronto Blue Jays,9
Detroit Tigers,7,Los Angeles Angels,6
Oakland Athletics,1,Arizona D'Backs,5
Pittsburgh Pirates,4,Atlanta Braves,2
Texas Rangers,11,Baltimore Orioles,2
San Diego Padres,1,Boston Red Sox,4
Colorado Rockies,5,Chicago White Sox,4
Cleveland Guardians,2,Kansas City Royals,6
Chicago Cubs,1,Milwaukee Brewers,7
Houston Astros,10,New York Mets,5
Miami Marlins,6,Philadelphia Phillies,7
Minnesota Twins,5,Seattle Mariners,3
Los Angeles Dodgers,4,San Francisco Giants,10
Cincinnati Reds,0,St. Louis Cardinals,2
Washington Nationals,0,Tampa Bay Rays,5
New York Yankees,8,Toronto Blue Jays,1
Milwaukee Brewers,7,Colorado Rockies,8
Houston Astros,3,Toronto Blue Jays,1
New York Mets,9,Washington Nationals,7
San Francisco Giants,5,Atlanta Braves,3
Philadelphia Phillies,6,Chicago Cubs,4
Chicago White Sox,6,Cleveland Guardians,7
Milwaukee Brewers,4,Colorado Rockies,3
Tampa Bay Rays,5,Kansas City Royals,1
Arizona D'Backs,5,Los Angeles Dodgers,6
Boston Red Sox,8,Miami Marlins,3
Detroit Tigers,3,Minnesota Twins,5
Cincinnati Reds,5,New York Yankees,4
Los Angeles Angels,5,Oakland Athletics,7
St. Louis Cardinals,7,Pittsburgh Pirates,4
Baltimore Orioles,2,Seattle Mariners,0
San Diego Padres,0,Texas Rangers,7
Houston Astros,6,Toronto Blue Jays,7
New York Mets,7,Washington Nationals,2
San Francisco Giants,1,Atlanta Braves,3
Philadelphia Phillies,5,Chicago Cubs,3
Chicago White Sox,8,Cleveland Guardians,2
Milwaukee Brewers,3,Colorado Rockies,0
Tampa Bay Rays,2,Kansas City Royals,4
Arizona D'Backs,12,Los Angeles Dodgers,4
Boston Red Sox,7,Miami Marlins,2
Detroit Tigers,9,Minnesota Twins,2
Cincinnati Reds,3,New York Yankees,2
Los Angeles Angels,0,Oakland Athletics,5
St. Louis Cardinals,4,Pittsburgh Pirates,5
Baltimore Orioles,4,Seattle Mariners,1
San Diego Padres,6,Texas Rangers,4
Houston Astros,9,Toronto Blue Jays,2
New York Mets,5,Washington Nationals,7
San Francisco Giants,4,Atlanta Braves,2
Philadelphia Phillies,2,Chicago Cubs,10
Chicago White Sox,4,Cleveland Guardians,8
Milwaukee Brewers,3,Colorado Rockies,4
Tampa Bay Rays,10,Kansas City Royals,8
Arizona D'Backs,9,Los Angeles Dodgers,3
Boston Red Sox,6,Miami Marlins,5
Detroit Tigers,3,Minnesota Twins,12
Cincinnati Reds,8,New York Yankees,4
Los Angeles Angels,0,Oakland Athletics,5
St. Louis Cardinals,3,Pittsburgh Pirates,2
Baltimore Orioles,3,Seattle Mariners,7
San Diego Padres,3,Texas Rangers,1
Houston Astros,5,Toronto Blue Jays,3
New York Mets,0,Washington Nationals,1
Philadelphia Phillies,8,Atlanta Braves,6
Los Angeles Angels,1,Chicago Cubs,5
Detroit Tigers,5,Cincinnati Reds,4
San Francisco Giants,4,Cleveland Guardians,2
Kansas City Royals,2,Colorado Rockies,4
Milwaukee Brewers,5,Los Angeles Dodgers,8
Chicago White Sox,3,Miami Marlins,2
Houston Astros,13,Minnesota Twins,12
Boston Red Sox,5,New York Yankees,3
Baltimore Orioles,3,Oakland Athletics,2
New York Mets,2,Pittsburgh Pirates,14
Arizona D'Backs,8,San Diego Padres,10
Toronto Blue Jays,1,Seattle Mariners,2
Tampa Bay Rays,0,Texas Rangers,3
St. Louis Cardinals,7,Washington Nationals,6
Philadelphia Phillies,1,Atlanta Braves,5
Los Angeles Angels,7,Chicago Cubs,0
Detroit Tigers,5,Cincinnati Reds,3
San Francisco Giants,4,Cleveland Guardians,5
Kansas City Royals,1,Colorado Rockies,3
Milwaukee Brewers,3,Los Angeles Dodgers,5
Chicago White Sox,3,Miami Marlins,4
Houston Astros,3,Minnesota Twins,9
Boston Red Sox,4,New York Yankees,14
Baltimore Orioles,8,Oakland Athletics,19
New York Mets,5,Pittsburgh Pirates,2
Arizona D'Backs,7,San Diego Padres,5
Toronto Blue Jays,5,Seattle Mariners,4
Tampa Bay Rays,3,Texas Rangers,4
St. Louis Cardinals,6,Washington Nationals,14
Philadelphia Phillies,0,Atlanta Braves,6
Los Angeles Angels,0,Chicago Cubs,5
Detroit Tigers,5,Cincinnati Reds,1
San Francisco Giants,4,Cleveland Guardians,5
Kansas City Royals,10,Colorado Rockies,1
Milwaukee Brewers,9,Los Angeles Dodgers,2
Chicago White Sox,4,Miami Marlins,7
Houston Astros,2,Minnesota Twins,3
Boston Red Sox,3,New York Yankees,0
Baltimore Orioles,6,Oakland Athletics,3
New York Mets,3,Pittsburgh Pirates,2
Arizona D'Backs,9,San Diego Padres,1
Toronto Blue Jays,5,Seattle Mariners,4
Tampa Bay Rays,2,Texas Rangers,13
St. Louis Cardinals,8,Washington Nationals,3
Texas Rangers,9,Los Angeles Angels,4
Atlanta Braves,5,Arizona D'Backs,4
Minnesota Twins,8,Chicago White Sox,6
Colorado Rockies,0,Cincinnati Reds,6
Cleveland Guardians,0,Detroit Tigers,1
New York Mets,2,Pittsburgh Pirates,8
St. Louis Cardinals,6,Washington Nationals,0
Texas Rangers,5,Los Angeles Angels,4
Atlanta Braves,6,Arizona D'Backs,2
Chicago Cubs,9,Baltimore Orioles,2
Oakland Athletics,9,Boston Red Sox,12
Colorado Rockies,6,Cincinnati Reds,12
Cleveland Guardians,9,Detroit Tigers,8
Miami Marlins,3,Houston Astros,4
Pittsburgh Pirates,12,Milwaukee Brewers,2
Washington Nationals,5,New York Mets,7
Los Angeles Dodgers,1,Philadelphia Phillies,10
Seattle Mariners,8,San Diego Padres,3
Toronto Blue Jays,3,San Francisco Giants,4
New York Yankees,3,Tampa Bay Rays,5
Texas Rangers,2,Los Angeles Angels,7
Atlanta Braves,5,Arizona D'Backs,7
Chicago Cubs,4,Baltimore Orioles,0
Oakland Athletics,5,Boston Red Sox,2
Minnesota Twins,1,Chicago White Sox,3
Minnesota Twins,3,Chicago White Sox,2
Colorado Rockies,6,Cincinnati Reds,5
Cleveland Guardians,4,Detroit Tigers,5
Miami Marlins,1,Houston Astros,9
Pittsburgh Pirates,0,Milwaukee Brewers,9
Washington Nationals,2,New York Mets,6
Los Angeles Dodgers,3,Philadelphia Phillies,4
Seattle Mariners,2,San Diego Padres,0
Toronto Blue Jays,10,San Francisco Giants,6
Kansas City Royals,6,St. Louis Cardinals,4
Kansas City Royals,8,St. Louis Cardinals,5
New York Yankees,2,Tampa Bay Rays,1
Seattle Mariners,11,Los Angeles Angels,0
Atlanta Braves,0,Arizona D'Backs,1
Chicago Cubs,8,Baltimore Orioles,0
Oakland Athletics,0,Boston Red Sox,7
Colorado Rockies,1,Cincinnati Reds,8
Cleveland Guardians,1,Detroit Tigers,10
Miami Marlins,3,Houston Astros,6
Pittsburgh Pirates,1,Milwaukee Brewers,0
Washington Nationals,0,New York Mets,7
Los Angeles Dodgers,1,Philadelphia Phillies,5
Toronto Blue Jays,5,San Francisco Giants,3
New York Yankees,4,Tampa Bay Rays,5
Seattle Mariners,5,Los Angeles Angels,6
Toronto Blue Jays,4,Arizona D'Backs,5
New York Yankees,4,Baltimore Orioles,1
Kansas City Royals,6,Boston Red Sox,1
Pittsburgh Pirates,4,Chicago White Sox,1
Miami Marlins,4,Cincinnati Reds,7
Los Angeles Dodgers,4,Detroit Tigers,3
Texas Rangers,3,Houston Astros,6
Washington Nationals,5,Milwaukee Brewers,2
Colorado Rockies,6,New York Mets,7
Oakland Athletics,6,Philadelphia Phillies,2
Atlanta Braves,6,San Diego Padres,1
Minnesota Twins,1,San Francisco Giants,7
Chicago Cubs,5,St. Louis Cardinals,1
Cleveland Guardians,0,Tampa Bay Rays,2
Seattle Mariners,1,Los Angeles Angels,2
Toronto Blue Jays,1,Arizona D'Backs,12
New York Yankees,6,Baltimore Orioles,1
Kansas City Royals,0,Boston Red Sox,5
Pittsburgh Pirates,6,Chicago White Sox,2
Miami Marlins,6,Cincinnati Reds,10
Los Angeles Dodgers,9,Detroit Tigers,11
Texas Rangers,2,Houston Astros,1
Washington Nationals,6,Milwaukee Brewers,5
Colorado Rockies,3,New York Mets,7
Oakland Athletics,5,Philadelphia Phillies,11
Atlanta Braves,0,San Diego Padres,4
Minnesota Twins,4,San Francisco Giants,2
Chicago Cubs,3,St. Louis Cardinals,11
Chicago Cubs,4,St. Louis Cardinals,5
Cleveland Guardians,4,Tampa Bay Rays,2
Seattle Mariners,2,Los Angeles Angels,3
Toronto Blue Jays,8,Arizona D'Backs,7
New York Yankees,5,Baltimore Orioles,6
Kansas City Royals,4,Boston Red Sox,5
Pittsburgh Pirates,9,Chicago White Sox,4
Miami Marlins,3,Cincinnati Reds,2
Los Angeles Dodgers,3,Detroit Tigers,4
Texas Rangers,4,Houston Astros,2
Washington Nationals,3,Milwaukee Brewers,9
Colorado Rockies,8,New York Mets,5
Oakland Athletics,18,Philadelphia Phillies,3
Atlanta Braves,6,San Diego Padres,3
Minnesota Twins,2,San Francisco Giants,3
Chicago Cubs,8,St. Louis Cardinals,3
Cleveland Guardians,0,Tampa Bay Rays,2
Arizona D'Backs,5,Chicago Cubs,2
San Diego Padres,0,Cleveland Guardians,7
San Francisco Giants,3,Colorado Rockies,7
Chicago White Sox,1,Kansas City Royals,7
Boston Red Sox,1,Los Angeles Dodgers,4
New York Mets,4,Miami Marlins,6
Tampa Bay Rays,1,New York Yankees,6
Los Angeles Angels,3,Oakland Athletics,13
Philadelphia Phillies,7,Pittsburgh Pirates,8
Houston Astros,3,Seattle Mariners,0
Baltimore Orioles,9,Texas Rangers,1
Detroit Tigers,5,Toronto Blue Jays,4
Cincinnati Reds,5,Washington Nationals,8
St. Louis Cardinals,2,Atlanta Braves,3
St. Louis Cardinals,9,Atlanta Braves,5
Arizona D'Backs,3,Chicago Cubs,0
San Diego Padres,7,Cleveland Guardians,0
San Francisco Giants,3,Colorado Rockies,4
Chicago White Sox,1,Kansas City Royals,6
Boston Red Sox,6,Los Angeles Dodgers,7
New York Mets,1,Miami Marlins,0
Milwaukee Brewers,8,Minnesota Twins,4
Tampa Bay Rays,9,New York Yankees,1
Los Angeles Angels,2,Oakland Athletics,8
Philadelphia Phillies,1,Pittsburgh Pirates,4
Houston Astros,4,Seattle Mariners,2
Baltimore Orioles,8,Texas Rangers,4
Detroit Tigers,7,Toronto Blue Jays,3
Cincinnati Reds,4,Washington Nationals,5
St. Louis Cardinals,6,Atlanta Braves,2
Arizona D'Backs,1,Chicago Cubs,2
San Diego Padres,2,Cleveland Guardians,1
San Francisco Giants,3,Colorado Rockies,2
Chicago White Sox,1,Kansas City Royals,4
Boston Red Sox,6,Los Angeles Dodgers,9
New York Mets,2,Miami Marlins,4
Milwaukee Brewers,8,Minnesota Twins,7
Tampa Bay Rays,6,New York Yankees,4
Los Angeles Angels,8,Oakland Athletics,5
Philadelphia Phillies,6,Pittsburgh Pirates,0
Houston Astros,4,Seattle Mariners,6
Baltimore Orioles,2,Texas Rangers,3
Detroit Tigers,4,Toronto Blue Jays,5
Cincinnati Reds,2,Washington Nationals,5
Cincinnati Reds,4,Atlanta Braves,1
Milwaukee Brewers,1,Chicago Cubs,3
Detroit Tigers,8,Cleveland Guardians,2
Boston Red Sox,8,Colorado Rockies,9
Arizona D'Backs,4,Kansas City Royals,10
San Francisco Giants,2,Los Angeles Dodgers,3
New York Mets,6,Miami Marlins,4
Philadelphia Phillies,2,Minnesota Twins,7
Tampa Bay Rays,1,New York Yankees,9
Houston Astros,0,Oakland Athletics,4
St. Louis Cardinals,1,Pittsburgh Pirates,2
Los Angeles Angels,3,Seattle Mariners,1
Chicago White Sox,3,Texas Rangers,4
Milwaukee Brewers,1,Chicago Cubs,0
Detroit Tigers,4,Cleveland Guardians,5
Boston Red Sox,6,Colorado Rockies,0
Arizona D'Backs,6,Kansas City Royals,2
San Francisco Giants,2,Los Angeles Dodgers,5
Baltimore Orioles,3,Miami Marlins,6
Philadelphia Phillies,3,Minnesota Twins,0
New York Mets,3,New York Yankees,2
Houston Astros,2,Oakland Athletics,8
St. Louis Cardinals,2,Pittsburgh Pirates,1
Los Angeles Angels,5,Seattle Mariners,1
Chicago White Sox,2,Texas Rangers,3
Tampa Bay Rays,4,Toronto Blue Jays,2
San Diego Padres,4,Washington Nationals,0
Cincinnati Reds,9,Atlanta Braves,4
Milwaukee Brewers,3,Chicago Cubs,2
Detroit Tigers,1,Cleveland Guardians,2
Boston Red Sox,7,Colorado Rockies,20
Arizona D'Backs,8,Kansas City Royals,6
San Francisco Giants,8,Los Angeles Dodgers,3
Baltimore Orioles,3,Miami Marlins,6
Philadelphia Phillies,4,Minnesota Twins,5
New York Mets,12,New York Yankees,3
Houston Astros,8,Oakland Athletics,1
St. Louis Cardinals,0,Pittsburgh Pirates,5
Los Angeles Angels,2,Seattle Mariners,1
Chicago White Sox,2,Texas Rangers,10
Tampa Bay Rays,3,Toronto Blue Jays,6
San Diego Padres,12,Washington Nationals,3
Oakland Athletics,6,Los Angeles Angels,5
Detroit Tigers,3,Cleveland Guardians,0
San Francisco Giants,4,Los Angeles Dodgers,6
Baltimore Orioles,7,Miami Marlins,6
Atlanta Braves,2,New York Mets,3
Chicago White Sox,1,Texas Rangers,2
Tampa Bay Rays,13,Toronto Blue Jays,0
San Diego Padres,3,Washington Nationals,0
Oakland Athletics,5,Los Angeles Angels,4
Pittsburgh Pirates,3,Arizona D'Backs,4
San Diego Padres,6,Baltimore Orioles,4
New York Yankees,7,Boston Red Sox,9
Seattle Mariners,10,Chicago White Sox,0
Minnesota Twins,9,Detroit Tigers,3
Los Angeles Dodgers,0,Houston Astros,5
Chicago Cubs,0,Kansas City Royals,6
Miami Marlins,6,Milwaukee Brewers,2
Atlanta Braves,4,New York Mets,8
Cleveland Guardians,3,Philadelphia Phillies,1
Colorado Rockies,4,San Francisco Giants,11
Washington Nationals,10,St. Louis Cardinals,8
Cincinnati Reds,3,Tampa Bay Rays,2
Texas Rangers,5,Toronto Blue Jays,6
Oakland Athletics,3,Los Angeles Angels,1
Pittsburgh Pirates,5,Arizona D'Backs,9
San Diego Padres,9,Baltimore Orioles,4
New York Yankees,11,Boston Red Sox,8
Seattle Mariners,6,Chicago White Sox,3
Minnesota Twins,2,Detroit Tigers,7
Los Angeles Dodgers,6,Houston Astros,7
Chicago Cubs,9,Kansas City Royals,4
Miami Marlins,7,Milwaukee Brewers,3
Atlanta Braves,4,New York Mets,0
Cleveland Guardians,0,Philadelphia Phillies,8
Colorado Rockies,1,San Francisco Giants,4
Colorado Rockies,0,San Francisco Giants,5
Washington Nationals,14,St. Louis Cardinals,3
Cincinnati Reds,0,Tampa Bay Rays,4
Texas Rangers,3,Toronto Blue Jays,7
Oakland Athletics,6,Los Angeles Angels,8
Pittsburgh Pirates,6,Arizona D'Backs,5
San Diego Padres,6,Baltimore Orioles,8
New York Yankees,8,Boston Red Sox,2
Seattle Mariners,6,Chicago White Sox,3
Minnesota Twins,5,Detroit Tigers,0
Los Angeles Dodgers,6,Houston Astros,2
Chicago Cubs,7,Kansas City Royals,3
Miami Marlins,2,Milwaukee Brewers,6
Atlanta Braves,9,New York Mets,2
Cleveland Guardians,4,Philadelphia Phillies,3
Colorado Rockies,4,San Francisco Giants,5
Washington Nationals,3,St. Louis Cardinals,4
Cincinnati Reds,1,Tampa Bay Rays,2
Texas Rangers,3,Toronto Blue Jays,7
Washington Nationals,8,Arizona D'Backs,9
Toronto Blue Jays,5,Baltimore Orioles,11
Toronto Blue Jays,8,Baltimore Orioles,4
Seattle Mariners,7,Boston Red Sox,14
Kansas City Royals,8,Chicago White Sox,5
Chicago Cubs,1,Cincinnati Reds,7
Cleveland Guardians,8,Detroit Tigers,4
Pittsburgh Pirates,5,Houston Astros,3
Atlanta Braves,3,Milwaukee Brewers,8
Minnesota Twins,2,New York Mets,15
New York Yankees,14,Philadelphia Phillies,4
Texas Rangers,6,St. Louis Cardinals,3
Colorado Rockies,7,Los Angeles Angels,10
Washington Nationals,0,Arizona D'Backs,17
Toronto Blue Jays,2,Baltimore Orioles,6
Seattle Mariners,10,Boston Red Sox,6
Kansas City Royals,4,Chicago White Sox,3
Chicago Cubs,3,Cincinnati Reds,6
Cleveland Guardians,5,Detroit Tigers,0
Pittsburgh Pirates,6,Houston Astros,2
Atlanta Braves,5,Milwaukee Brewers,1
Minnesota Twins,0,New York Mets,2
New York Yankees,7,Philadelphia Phillies,6
Los Angeles Dodgers,5,San Diego Padres,6
Oakland Athletics,5,San Francisco Giants,2
Texas Rangers,1,St. Louis Cardinals,8
Miami Marlins,3,Tampa Bay Rays,9
Colorado Rockies,2,Los Angeles Angels,1
Washington Nationals,4,Arizona D'Backs,5
Toronto Blue Jays,4,Baltimore Orioles,10
Seattle Mariners,2,Boston Red Sox,3
Kansas City Royals,10,Chicago White Sox,3
Chicago Cubs,13,Cincinnati Reds,4
Pittsburgh Pirates,4,Houston Astros,5
Atlanta Braves,6,Milwaukee Brewers,2
Minnesota Twins,8,New York Mets,3
New York Yankees,6,Philadelphia Phillies,5
Los Angeles Dodgers,1,San Diego Padres,8
Oakland Athletics,0,San Francisco Giants,1
Texas Rangers,1,St. Louis Cardinals,10
Miami Marlins,6,Tampa Bay Rays,2
Colorado Rockies,5,Los Angeles Angels,4
Miami Marlins,2,Atlanta Braves,4
St. Louis Cardinals,4,Chicago Cubs,5
Baltimore Orioles,3,Cleveland Guardians,10
Kansas City Royals,7,Detroit Tigers,1
New York Mets,5,Los Angeles Angels,1
Miami Marlins,3,Atlanta Braves,5
St. Louis Cardinals,3,Chicago Cubs,6
San Francisco Giants,3,Cincinnati Reds,0
Baltimore Orioles,4,Cleveland Guardians,8
Kansas City Royals,9,Detroit Tigers,2
Tampa Bay Rays,2,Houston Astros,3
Chicago White Sox,2,Minnesota Twins,10
Toronto Blue Jays,8,New York Yankees,5
Los Angeles Dodgers,5,Oakland Athletics,6
Arizona D'Backs,9,Pittsburgh Pirates,8
Colorado Rockies,5,San Diego Padres,2
Philadelphia Phillies,2,Seattle Mariners,10
Boston Red Sox,11,Texas Rangers,6
Milwaukee Brewers,8,Washington Nationals,3
New York Mets,4,Los Angeles Angels,5
Miami Marlins,4,Atlanta Braves,3
St. Louis Cardinals,5,Chicago Cubs,4
San Francisco Giants,4,Cincinnati Reds,6
Baltimore Orioles,7,Cleveland Guardians,4
Kansas City Royals,5,Detroit Tigers,6
Tampa Bay Rays,6,Houston Astros,1
Chicago White Sox,2,Minnesota Twins,6
Toronto Blue Jays,3,New York Yankees,8
Los Angeles Dodgers,10,Oakland Athletics,0
Arizona D'Backs,2,Pittsburgh Pirates,4
Colorado Rockies,2,San Diego Padres,3
Philadelphia Phillies,5,Seattle Mariners,6
Boston Red Sox,4,Texas Rangers,7
Milwaukee Brewers,4,Washington Nationals,6
New York Mets,2,Los Angeles Angels,3
Miami Marlins,7,Atlanta Braves,0
St. Louis Cardinals,2,Chicago Cubs,6
San Francisco Giants,8,Cincinnati Reds,2
Baltimore Orioles,9,Cleveland Guardians,5
Kansas City Royals,3,Detroit Tigers,2
Tampa Bay Rays,1,Houston Astros,0
Chicago White Sox,7,Minnesota Twins,13
Toronto Blue Jays,3,New York Yankees,4
Los Angeles Dodgers,3,Oakland Athletics,2
Arizona D'Backs,6,Pittsburgh Pirates,5
Colorado Rockies,2,San Diego Padres,10
Philadelphia Phillies,6,Seattle Mariners,0
Boston Red Sox,7,Texas Rangers,2
Milwaukee Brewers,3,Washington Nationals,4
Minnesota Twins,3,Chicago Cubs,0
Arizona D'Backs,7,Cleveland Guardians,6
Boston Red Sox,9,Kansas City Royals,5
Philadelphia Phillies,3,Los Angeles Dodgers,5
Cincinnati Reds,10,Miami Marlins,3
Chicago White Sox,1,Oakland Athletics,5
New York Mets,6,St. Louis Cardinals,0
Houston Astros,3,Texas Rangers,4
San Francisco Giants,4,Washington Nationals,1
Milwaukee Brewers,10,Atlanta Braves,0
Minnesota Twins,3,Chicago Cubs,7
New York Mets,3,Colorado Rockies,6
Boston Red Sox,6,Kansas City Royals,5
Philadelphia Phillies,6,Los Angeles Dodgers,2
Cincinnati Reds,8,Miami Marlins,2
Chicago White Sox,5,Oakland Athletics,1
San Diego Padres,6,Pittsburgh Pirates,0
Detroit Tigers,4,Seattle Mariners,2
Tampa Bay Rays,3,St. Louis Cardinals,4
Houston Astros,4,Texas Rangers,2
Baltimore Orioles,2,Toronto Blue Jays,5
San Francisco Giants,5,Washington Nationals,11
Milwaukee Brewers,8,Atlanta Braves,5
Minnesota Twins,2,Chicago Cubs,8
Arizona D'Backs,7,Cleveland Guardians,3
Arizona D'Backs,5,Cleveland Guardians,3
New York Mets,5,Colorado Rockies,3
Boston Red Sox,4,Kansas City Royals,8
Philadelphia Phillies,9,Los Angeles Dodgers,4
Cincinnati Reds,4,Miami Marlins,6
Los Angeles Angels,2,New York Yankees,5
Los Angeles Angels,8,New York Yankees,2
Chicago White Sox,2,Oakland Athletics,3
San Diego Padres,9,Pittsburgh Pirates,8
Detroit Tigers,6,Seattle Mariners,2
Tampa Bay Rays,2,St. Louis Cardinals,5
Houston Astros,6,Texas Rangers,4
Baltimore Orioles,7,Toronto Blue Jays,3
San Francisco Giants,7,Washington Nationals,4
Philadelphia Phillies,6,Arizona D'Backs,4
Milwaukee Brewers,16,Atlanta Braves,7
New York Mets,9,Colorado Rockies,1
Cincinnati Reds,10,Miami Marlins,4
Los Angeles Angels,9,New York Yankees,4
San Diego Padres,7,Pittsburgh Pirates,6
Detroit Tigers,3,Seattle Mariners,4
Tampa Bay Rays,6,St. Louis Cardinals,4
Baltimore Orioles,6,Toronto Blue Jays,7
San Francisco Giants,9,Washington Nationals,5
Philadelphia Phillies,2,Arizona D'Backs,3
Houston Astros,8,Boston Red Sox,4
Chicago Cubs,7,Chicago White Sox,6
Atlanta Braves,5,Colorado Rockies,6
St. Louis Cardinals,8,Kansas City Royals,5
Pittsburgh Pirates,5,Los Angeles Dodgers,9
San Diego Padres,6,Miami Marlins,2
Cincinnati Reds,3,Milwaukee Brewers,8
Cleveland Guardians,2,Minnesota Twins,4
Cleveland Guardians,3,Minnesota Twins,6
New York Mets,0,Seattle Mariners,6
Detroit Tigers,2,San Francisco Giants,3
Baltimore Orioles,4,Tampa Bay Rays,1
Oakland Athletics,1,Toronto Blue Jays,3
Los Angeles Angels,2,Washington Nationals,3
Philadelphia Phillies,1,Arizona D'Backs,11
Houston Astros,5,Boston Red Sox,4
Chicago Cubs,3,Chicago White Sox,1
Atlanta Braves,11,Colorado Rockies,8
St. Louis Cardinals,3,Kansas City Royals,8
Pittsburgh Pirates,1,Los Angeles Dodgers,4
San Diego Padres,9,Miami Marlins,8
Cincinnati Reds,0,Milwaukee Brewers,1
Cleveland Guardians,2,Minnesota Twins,1
Texas Rangers,0,New York Yankees,8
Texas Rangers,9,New York Yankees,4
New York Mets,0,Seattle Mariners,4
Detroit Tigers,1,San Francisco Giants,3
Baltimore Orioles,7,Tampa Bay Rays,5
Oakland Athletics,1,Toronto Blue Jays,0
Los Angeles Angels,4,Washington Nationals,5
Philadelphia Phillies,5,Arizona D'Backs,12
Houston Astros,10,Boston Red Sox,2
Atlanta Braves,8,Colorado Rockies,9
Pittsburgh Pirates,5,Los Angeles Dodgers,6
San Diego Padres,6,Miami Marlins,7
Cincinnati Reds,4,Milwaukee Brewers,3
Cleveland Guardians,5,Minnesota Twins,3
Texas Rangers,7,New York Yankees,8
New York Mets,1,Seattle Mariners,12
Detroit Tigers,5,San Francisco Giants,4
Baltimore Orioles,1,Tampa Bay Rays,2
Oakland Athletics,8,Toronto Blue Jays,4
Los Angeles Angels,6,Washington Nationals,4
Toronto Blue Jays,4,Los Angeles Angels,2
Colorado Rockies,4,Arizona D'Backs,5
Texas Rangers,4,Boston Red Sox,5
New York Yankees,2,Chicago White Sox,12
St. Louis Cardinals,1,Cincinnati Reds,6
Chicago Cubs,8,Cleveland Guardians,9
Los Angeles Dodgers,5,Milwaukee Brewers,2
Kansas City Royals,3,Minnesota Twins,8
Pittsburgh Pirates,1,San Diego Padres,2
Atlanta Braves,1,San Francisco Giants,0
Houston Astros,6,Tampa Bay Rays,1
Toronto Blue Jays,6,Los Angeles Angels,1
Colorado Rockies,3,Arizona D'Backs,4
Washington Nationals,9,Baltimore Orioles,3
Texas Rangers,4,Boston Red Sox,9
New York Yankees,4,Chicago White Sox,1
St. Louis Cardinals,1,Cincinnati Reds,4
Chicago Cubs,1,Cleveland Guardians,2
Seattle Mariners,1,Detroit Tigers,15
Los Angeles Dodgers,7,Milwaukee Brewers,2
Kansas City Royals,3,Minnesota Twins,13
Oakland Athletics,9,New York Mets,4
Miami Marlins,5,Philadelphia Phillies,0
Pittsburgh Pirates,0,San Diego Padres,3
Atlanta Braves,4,San Francisco Giants,3
Houston Astros,3,Tampa Bay Rays,2
Toronto Blue Jays,9,Los Angeles Angels,2
Colorado Rockies,4,Arizona D'Backs,11
Washington Nationals,1,Baltimore Orioles,4
Texas Rangers,9,Boston Red Sox,7
New York Yankees,10,Chicago White Sox,2
St. Louis Cardinals,2,Cincinnati Reds,9
Chicago Cubs,1,Cleveland Guardians,6
Seattle Mariners,2,Detroit Tigers,3
Los Angeles Dodgers,4,Milwaukee Brewers,5
Kansas City Royals,4,Minnesota Twins,1
Oakland Athletics,1,New York Mets,9
Miami Marlins,5,Philadelphia Phillies,9
Pittsburgh Pirates,2,San Diego Padres,8
Atlanta Braves,13,San Francisco Giants,2
Houston Astros,2,Tampa Bay Rays,1
Boston Red Sox,1,Baltimore Orioles,5
Seattle Mariners,1,Detroit Tigers,2
Los Angeles Dodgers,4,Milwaukee Brewers,6
Oakland Athletics,7,New York Mets,6
Washington Nationals,3,Philadelphia Phillies,13
Atlanta Braves,0,San Francisco Giants,6
Minnesota Twins,3,Texas Rangers,2
Atlanta Braves,2,Los Angeles Angels,3
Boston Red Sox,12,Baltimore Orioles,10
Toronto Blue Jays,5,Chicago Cubs,6
Kansas City Royals,7,Cincinnati Reds,1
San Diego Padres,3,Colorado Rockies,7
New York Yankees,3,Detroit Tigers,0
Chicago White Sox,5,Houston Astros,4
Cleveland Guardians,3,Milwaukee Brewers,5
Miami Marlins,3,New York Mets,7
Washington Nationals,2,Philadelphia Phillies,3
Seattle Mariners,3,Pittsburgh Pirates,5
Los Angeles Dodgers,7,St. Louis Cardinals,6
Arizona D'Backs,4,Tampa Bay Rays,5
Minnesota Twins,4,Texas Rangers,3
Atlanta Braves,11,Los Angeles Angels,3
Boston Red Sox,5,Baltimore Orioles,1
Toronto Blue Jays,2,Chicago Cubs,3
Kansas City Royals,13,Cincinnati Reds,1
San Diego Padres,8,Colorado Rockies,3
New York Yankees,0,Detroit Tigers,4
Chicago White Sox,1,Houston Astros,6
Cleveland Guardians,1,Milwaukee Brewers,2
Miami Marlins,0,New York Mets,4
San Francisco Giants,0,Oakland Athletics,2
Washington Nationals,1,Philadelphia Phillies,5
Seattle Mariners,2,Pittsburgh Pirates,7
Los Angeles Dodgers,2,St. Louis Cardinals,5
Arizona D'Backs,1,Tampa Bay Rays,6
Minnesota Twins,5,Texas Rangers,2
Atlanta Braves,3,Los Angeles Angels,1
Boston Red Sox,2,Baltimore Orioles,4
Toronto Blue Jays,1,Chicago Cubs,0
Kansas City Royals,8,Cincinnati Reds,1
San Diego Padres,2,Colorado Rockies,3
New York Yankees,2,Detroit Tigers,3
Chicago White Sox,0,Houston Astros,2
Cleveland Guardians,0,Milwaukee Brewers,2
Miami Marlins,3,New York Mets,2
San Francisco Giants,4,Oakland Athletics,2
Washington Nationals,6,Philadelphia Phillies,4
Seattle Mariners,10,Pittsburgh Pirates,3
Los Angeles Dodgers,2,St. Louis Cardinals,1
Arizona D'Backs,7,Tampa Bay Rays,8
Minnesota Twins,5,Texas Rangers,6
Boston Red Sox,4,Houston Astros,5
Los Angeles Angels,3,Kansas City Royals,5
Seattle Mariners,0,Los Angeles Dodgers,3
Arizona D'Backs,9,Miami Marlins,6
Baltimore Orioles,3,New York Mets,4
Tampa Bay Rays,0,Oakland Athletics,3
Minnesota Twins,3,San Diego Padres,5
Chicago White Sox,3,San Francisco Giants,5
Pittsburgh Pirates,3,Texas Rangers,4
Cincinnati Reds,6,Toronto Blue Jays,3
Philadelphia Phillies,1,Atlanta Braves,3
Detroit Tigers,1,Chicago Cubs,3
Boston Red Sox,6,Houston Astros,5
Los Angeles Angels,9,Kansas City Royals,5
Seattle Mariners,3,Los Angeles Dodgers,6
Arizona D'Backs,3,Miami Marlins,1
Cleveland Guardians,9,New York Yankees,5
Baltimore Orioles,9,New York Mets,5
Tampa Bay Rays,1,Oakland Athletics,0
Minnesota Twins,5,San Diego Padres,7
Chicago White Sox,1,San Francisco Giants,4
Milwaukee Brewers,3,St. Louis Cardinals,2
Pittsburgh Pirates,4,Texas Rangers,0
Cincinnati Reds,3,Toronto Blue Jays,10
Colorado Rockies,3,Washington Nationals,1
Philadelphia Phillies,3,Atlanta Braves,2
Detroit Tigers,8,Chicago Cubs,2
Boston Red Sox,4,Houston Astros,1
Los Angeles Angels,0,Kansas City Royals,3
Seattle Mariners,4,Los Angeles Dodgers,8
Arizona D'Backs,10,Miami Marlins,8
Cleveland Guardians,1,New York Yankees,8
Baltimore Orioles,3,New York Mets,4
Tampa Bay Rays,4,Oakland Athletics,2
Minnesota Twins,11,San Diego Padres,4
Chicago White Sox,6,San Francisco Giants,2
Milwaukee Brewers,6,St. Louis Cardinals,10
Pittsburgh Pirates,0,Texas Rangers,1
Cincinnati Reds,11,Toronto Blue Jays,7
Colorado Rockies,1,Washington Nationals,6
Philadelphia Phillies,2,Atlanta Braves,3
Houston Astros,6,Baltimore Orioles,0
Detroit Tigers,2,Chicago Cubs,10
Cleveland Guardians,0,New York Yankees,6
Tampa Bay Rays,1,Oakland Athletics,3
Cincinnati Reds,0,Pittsburgh Pirates,7
New York Mets,8,San Diego Padres,3
Milwaukee Brewers,0,St. Louis Cardinals,3
Los Angeles Angels,3,Toronto Blue Jays,5
Colorado Rockies,3,Washington Nationals,8
Washington Nationals,2,Atlanta Braves,3
Houston Astros,5,Baltimore Orioles,7
Arizona D'Backs,12,Boston Red Sox,2
Detroit Tigers,5,Chicago White Sox,2
Texas Rangers,5,Cleveland Guardians,3
Philadelphia Phillies,4,Kansas City Royals,7
Tampa Bay Rays,3,Los Angeles Dodgers,7
Chicago Cubs,6,Miami Marlins,3
St. Louis Cardinals,6,Minnesota Twins,1
Colorado Rockies,0,New York Yankees,3
Milwaukee Brewers,11,Oakland Athletics,3
Cincinnati Reds,5,Pittsburgh Pirates,6
New York Mets,0,San Diego Padres,7
San Francisco Giants,5,Seattle Mariners,6
Los Angeles Angels,4,Toronto Blue Jays,5
Washington Nationals,2,Atlanta Braves,4
Houston Astros,2,Baltimore Orioles,3
Arizona D'Backs,4,Boston Red Sox,1
Detroit Tigers,13,Chicago White Sox,4
Texas Rangers,5,Cleveland Guardians,13
Philadelphia Phillies,11,Kansas City Royals,2
Tampa Bay Rays,9,Los Angeles Dodgers,8
Chicago Cubs,14,Miami Marlins,2
St. Louis Cardinals,0,Minnesota Twins,6
Colorado Rockies,9,New York Yankees,2
Milwaukee Brewers,9,Oakland Athletics,5
Cincinnati Reds,10,Pittsburgh Pirates,2
New York Mets,7,San Diego Padres,1
San Francisco Giants,4,Seattle Mariners,3
Los Angeles Angels,1,Toronto Blue Jays,3
Washington Nationals,5,Atlanta Braves,1
Houston Astros,6,Baltimore Orioles,3
Arizona D'Backs,7,Boston Red Sox,5
Detroit Tigers,9,Chicago White Sox,4
Texas Rangers,2,Cleveland Guardians,4
Philadelphia Phillies,11,Kansas City Royals,3
Tampa Bay Rays,1,Los Angeles Dodgers,3
Chicago Cubs,2,Miami Marlins,7
St. Louis Cardinals,3,Minnesota Twins,2
Colorado Rockies,3,New York Yankees,10
Milwaukee Brewers,3,Oakland Athletics,4
Cincinnati Reds,3,Pittsburgh Pirates,4
New York Mets,2,San Diego Padres,3
San Francisco Giants,3,Seattle Mariners,4
Los Angeles Angels,2,Toronto Blue Jays,8
Toronto Blue Jays,7,Boston Red Sox,3
Detroit Tigers,6,Chicago White Sox,3
Kansas City Royals,4,Cleveland Guardians,3
Kansas City Royals,9,Cleveland Guardians,4
Miami Marlins,2,Colorado Rockies,3
Atlanta Braves,10,Minnesota Twins,6
Houston Astros,2,Philadelphia Phillies,3
Chicago Cubs,18,Pittsburgh Pirates,8
Tampa Bay Rays,1,Seattle Mariners,5
San Diego Padres,7,St. Louis Cardinals,4
New York Yankees,5,Washington Nationals,2
New York Mets,8,Arizona D'Backs,3
Toronto Blue Jays,3,Boston Red Sox,6
Texas Rangers,3,Chicago White Sox,1
Oakland Athletics,5,Cincinnati Reds,4
Kansas City Royals,6,Cleveland Guardians,1
Miami Marlins,9,Colorado Rockies,8
Los Angeles Angels,2,Detroit Tigers,6
Baltimore Orioles,3,Los Angeles Dodgers,2
San Francisco Giants,5,Milwaukee Brewers,4
Atlanta Braves,8,Minnesota Twins,6
Houston Astros,0,Philadelphia Phillies,5
Chicago Cubs,9,Pittsburgh Pirates,5
Tampa Bay Rays,3,Seattle Mariners,2
San Diego Padres,7,St. Louis Cardinals,5
New York Yankees,2,Washington Nationals,4
New York Mets,5,Arizona D'Backs,8
Toronto Blue Jays,0,Boston Red Sox,3
Texas Rangers,4,Chicago White Sox,3
Oakland Athletics,9,Cincinnati Reds,6
Kansas City Royals,5,Cleveland Guardians,7
Miami Marlins,2,Colorado Rockies,8
Los Angeles Angels,2,Detroit Tigers,3
Baltimore Orioles,4,Los Angeles Dodgers,6
San Francisco Giants,3,Milwaukee Brewers,5
Atlanta Braves,5,Minnesota Twins,1
Houston Astros,10,Philadelphia Phillies,0
Chicago Cubs,14,Pittsburgh Pirates,10
Tampa Bay Rays,2,Seattle Mariners,6
San Diego Padres,3,St. Louis Cardinals,4
New York Yankees,2,Washington Nationals,5
New York Mets,3,Arizona D'Backs,2
Toronto Blue Jays,2,Boston Red Sox,0
Texas Rangers,2,Chicago White Sox,1
Oakland Athletics,9,Cincinnati Reds,10
Miami Marlins,12,Colorado Rockies,8
Los Angeles Angels,3,Detroit Tigers,0
Kansas City Royals,3,Houston Astros,6
Baltimore Orioles,3,Los Angeles Dodgers,6
San Francisco Giants,0,Milwaukee Brewers,6
Atlanta Braves,4,Philadelphia Phillies,5
San Diego Padres,1,St. Louis Cardinals,4
Seattle Mariners,9,Los Angeles Angels,5
Los Angeles Dodgers,10,Arizona D'Backs,9
New York Mets,5,Chicago White Sox,1
Milwaukee Brewers,5,Cincinnati Reds,4
Milwaukee Brewers,14,Cincinnati Reds,0
Pittsburgh Pirates,8,Cleveland Guardians,10
Baltimore Orioles,5,Colorado Rockies,3
Boston Red Sox,7,Detroit Tigers,5
Kansas City Royals,2,Houston Astros,3
Toronto Blue Jays,0,Minnesota Twins,2
St. Louis Cardinals,3,New York Yankees,6
Atlanta Braves,7,Philadelphia Phillies,2
Miami Marlins,1,San Francisco Giants,3
San Diego Padres,13,Tampa Bay Rays,5
Oakland Athletics,9,Texas Rangers,2
Chicago Cubs,7,Washington Nationals,6
Seattle Mariners,4,Los Angeles Angels,5
Los Angeles Dodgers,8,Arizona D'Backs,6
New York Mets,5,Chicago White Sox,3
Milwaukee Brewers,5,Cincinnati Reds,4
Pittsburgh Pirates,3,Cleveland Guardians,0
Baltimore Orioles,5,Colorado Rockies,7
Boston Red Sox,1,Detroit Tigers,2
Kansas City Royals,2,Houston Astros,5
Toronto Blue Jays,15,Minnesota Twins,0
St. Louis Cardinals,6,New York Yankees,5
Atlanta Braves,0,Philadelphia Phillies,3
Miami Marlins,4,San Francisco Giants,3
San Diego Padres,4,Tampa Bay Rays,11
Oakland Athletics,2,Texas Rangers,3
Chicago Cubs,5,Washington Nationals,3
Seattle Mariners,2,Los Angeles Angels,3
Los Angeles Dodgers,3,Arizona D'Backs,14
New York Mets,2,Chicago White Sox,0
Milwaukee Brewers,3,Cincinnati Reds,4
Pittsburgh Pirates,1,Cleveland Guardians,6
Baltimore Orioles,6,Colorado Rockies,1
Boston Red Sox,1,Detroit Tigers,4
Kansas City Royals,2,Houston Astros,7
Toronto Blue Jays,3,Minnesota Twins,4
St. Louis Cardinals,14,New York Yankees,7
Atlanta Braves,2,Philadelphia Phillies,3
Miami Marlins,7,San Francisco Giants,5
San Diego Padres,4,Tampa Bay Rays,3
Oakland Athletics,4,Texas Rangers,6
Chicago Cubs,14,Washington Nationals,1
Los Angeles Dodgers,11,Arizona D'Backs,6
Chicago White Sox,3,Baltimore Orioles,13
Pittsburgh Pirates,5,Chicago Cubs,3
Houston Astros,3,Cincinnati Reds,5
Cleveland Guardians,4,Kansas City Royals,2
St. Louis Cardinals,3,Milwaukee Brewers,9
Boston Red Sox,1,New York Mets,4
Seattle Mariners,4,Oakland Athletics,5
Detroit Tigers,0,San Diego Padres,3
Minnesota Twins,5,Tampa Bay Rays,4
New York Yankees,8,Texas Rangers,4
Los Angeles Dodgers,6,Los Angeles Angels,2
Colorado Rockies,0,Atlanta Braves,3
Chicago White Sox,0,Baltimore Orioles,9
Pittsburgh Pirates,5,Chicago Cubs,0
Cleveland Guardians,7,Kansas City Royals,1
Washington Nationals,6,Miami Marlins,2
St. Louis Cardinals,7,Milwaukee Brewers,4
Boston Red Sox,2,New York Mets,7
Seattle Mariners,2,Oakland Athletics,3
Arizona D'Backs,8,San Francisco Giants,7
Minnesota Twins,1,Tampa Bay Rays,2
New York Yankees,4,Texas Rangers,7
Philadelphia Phillies,10,Toronto Blue Jays,9
Los Angeles Dodgers,1,Los Angeles Angels,10
Colorado Rockies,2,Atlanta Braves,5
Chicago White Sox,8,Baltimore Orioles,1
Pittsburgh Pirates,0,Chicago Cubs,12
Houston Astros,5,Cincinnati Reds,12
Cleveland Guardians,1,Kansas City Royals,4
Washington Nationals,3,Miami Marlins,4
St. Louis Cardinals,3,Milwaukee Brewers,2
Boston Red Sox,3,New York Mets,8
Seattle Mariners,16,Oakland Athletics,3
Detroit Tigers,5,San Diego Padres,6
Arizona D'Backs,6,San Francisco Giants,4
Minnesota Twins,4,Tampa Bay Rays,9
New York Yankees,6,Texas Rangers,10
Philadelphia Phillies,4,Toronto Blue Jays,2
Colorado Rockies,3,Atlanta Braves,1
Houston Astros,0,Cincinnati Reds,1
Philadelphia Phillies,5,Miami Marlins,2
Seattle Mariners,6,Oakland Athletics,4
Washington Nationals,4,Pittsburgh Pirates,9
Detroit Tigers,4,San Diego Padres,3
Arizona D'Backs,2,San Francisco Giants,3
Minnesota Twins,4,Tampa Bay Rays,3
Los Angeles Angels,1,Texas Rangers,3
Toronto Blue Jays,1,Atlanta Braves,3
Tampa Bay Rays,0,Baltimore Orioles,2
Chicago White Sox,1,Boston Red Sox,3
New York Yankees,3,Chicago Cubs,0
Arizona D'Backs,0,Houston Astros,8
Minnesota Twins,0,Kansas City Royals,5
Cleveland Guardians,3,Los Angeles Dodgers,1
Philadelphia Phillies,16,Miami Marlins,2
Colorado Rockies,3,Milwaukee Brewers,2
Cincinnati Reds,4,New York Mets,6
Detroit Tigers,6,Oakland Athletics,7
San Francisco Giants,1,San Diego Padres,5
Seattle Mariners,6,St. Louis Cardinals,1
Los Angeles Angels,5,Texas Rangers,1
Toronto Blue Jays,9,Atlanta Braves,5
Tampa Bay Rays,7,Baltimore Orioles,1
Chicago White Sox,5,Boston Red Sox,7
New York Yankees,2,Chicago Cubs,0
Arizona D'Backs,5,Houston Astros,11
Minnesota Twins,2,Kansas City Royals,4
Cleveland Guardians,2,Los Angeles Dodgers,7
Philadelphia Phillies,5,Miami Marlins,9
Colorado Rockies,2,Milwaukee Brewers,5
Cincinnati Reds,0,New York Mets,4
Detroit Tigers,2,Oakland Athletics,1
Washington Nationals,5,Pittsburgh Pirates,3
Washington Nationals,8,Pittsburgh Pirates,6
San Francisco Giants,6,San Diego Padres,3
Seattle Mariners,0,St. Louis Cardinals,2
Los Angeles Angels,4,Texas Rangers,6
Toronto Blue Jays,3,Atlanta Braves,4
Tampa Bay Rays,2,Baltimore Orioles,0
Chicago White Sox,7,Boston Red Sox,2
New York Yankees,1,Chicago Cubs,2
Arizona D'Backs,12,Houston Astros,6
Minnesota Twins,0,Kansas City Royals,2
Cleveland Guardians,0,Los Angeles Dodgers,4
Philadelphia Phillies,1,Miami Marlins,10
Colorado Rockies,4,Milwaukee Brewers,1
Cincinnati Reds,3,New York Mets,1
Detroit Tigers,9,Oakland Athletics,1
Washington Nationals,3,Pittsburgh Pirates,7
San Francisco Giants,7,San Diego Padres,6
Seattle Mariners,10,St. Louis Cardinals,4
Los Angeles Angels,4,Texas Rangers,7
Cincinnati Reds,1,Atlanta Braves,0
Baltimore Orioles,3,Boston Red Sox,12
Cleveland Guardians,5,Chicago White Sox,3
Chicago Cubs,10,Los Angeles Dodgers,4
Los Angeles Angels,6,Minnesota Twins,2
Kansas City Royals,4,New York Yankees,10
Tampa Bay Rays,1,Philadelphia Phillies,2
Miami Marlins,2,Pittsburgh Pirates,3
New York Mets,3,Toronto Blue Jays,2
Texas Rangers,0,Arizona D'Backs,6
Baltimore Orioles,5,Boston Red Sox,3
Cleveland Guardians,5,Chicago White Sox,0
Colorado Rockies,0,Detroit Tigers,11
Oakland Athletics,4,Houston Astros,3
Chicago Cubs,6,Los Angeles Dodgers,3
Los Angeles Angels,5,Minnesota Twins,10
Kansas City Royals,5,New York Yankees,0
Tampa Bay Rays,4,Philadelphia Phillies,9
Miami Marlins,4,Pittsburgh Pirates,6
San Diego Padres,7,Seattle Mariners,3
Milwaukee Brewers,3,San Francisco Giants,2
Cincinnati Reds,3,St. Louis Cardinals,0
New York Mets,2,Toronto Blue Jays,6
Atlanta Braves,12,Washington Nationals,0
Texas Rangers,4,Arizona D'Backs,14
Baltimore Orioles,3,Boston Red Sox,5
Cleveland Guardians,6,Chicago White Sox,4
Colorado Rockies,4,Detroit Tigers,7
Oakland Athletics,5,Houston Astros,4
Chicago Cubs,8,Los Angeles Dodgers,10
Los Angeles Angels,4,Minnesota Twins,6
Kansas City Royals,3,New York Yankees,4
Tampa Bay Rays,2,Philadelphia Phillies,3
Miami Marlins,1,Pittsburgh Pirates,3
San Diego Padres,2,Seattle Mariners,5
Milwaukee Brewers,2,San Francisco Giants,13
Cincinnati Reds,1,St. Louis Cardinals,2
New York Mets,6,Toronto Blue Jays,2
Atlanta Braves,1,Washington Nationals,5
Tampa Bay Rays,5,Cleveland Guardians,2
Colorado Rockies,4,Detroit Tigers,2
Oakland Athletics,3,Houston Astros,6
Boston Red Sox,1,New York Yankees,2
Texas Rangers,5,Seattle Mariners,4
Milwaukee Brewers,3,San Francisco Giants,0
Cincinnati Reds,1,St. Louis Cardinals,6
Miami Marlins,6,Washington Nationals,3
Houston Astros,5,Los Angeles Angels,3
Milwaukee Brewers,2,Arizona D'Backs,1
Los Angeles Dodgers,2,Atlanta Braves,6
Oakland Athletics,2,Chicago White Sox,0
Tampa Bay Rays,3,Cleveland Guardians,1
Chicago Cubs,5,Colorado Rockies,9
Baltimore Orioles,0,Detroit Tigers,1
Cincinnati Reds,8,Minnesota Twins,4
Boston Red Sox,4,New York Yankees,5
New York Mets,11,Philadelphia Phillies,3
Kansas City Royals,8,Pittsburgh Pirates,3
Texas Rangers,4,Seattle Mariners,5
San Diego Padres,5,San Francisco Giants,0
St. Louis Cardinals,3,Toronto Blue Jays,4
Miami Marlins,1,Washington Nationals,4
Houston Astros,5,Los Angeles Angels,3
Milwaukee Brewers,15,Arizona D'Backs,8
Los Angeles Dodgers,1,Atlanta Braves,10
Oakland Athletics,6,Chicago White Sox,7
Tampa Bay Rays,1,Cleveland Guardians,6
Chicago Cubs,5,Colorado Rockies,6
Baltimore Orioles,4,Detroit Tigers,2
Cincinnati Reds,11,Minnesota Twins,1
Boston Red Sox,7,New York Yankees,1
New York Mets,4,Philadelphia Phillies,6
Kansas City Royals,5,Pittsburgh Pirates,1
Texas Rangers,4,Seattle Mariners,5
San Diego Padres,8,San Francisco Giants,0
St. Louis Cardinals,2,Toronto Blue Jays,7
Miami Marlins,1,Washington Nationals,4
Houston Astros,6,Los Angeles Angels,4
Milwaukee Brewers,10,Arizona D'Backs,11
Los Angeles Dodgers,9,Atlanta Braves,2
Oakland Athletics,3,Chicago White Sox,4
Tampa Bay Rays,0,Cleveland Guardians,2
Chicago Cubs,6,Colorado Rockies,2
Baltimore Orioles,2,Detroit Tigers,4
Cincinnati Reds,2,Minnesota Twins,9
Boston Red Sox,2,New York Yankees,5
New York Mets,1,Philadelphia Phillies,2
Kansas City Royals,3,Pittsburgh Pirates,4
Texas Rangers,0,Seattle Mariners,7
San Diego Padres,4,San Francisco Giants,3
St. Louis Cardinals,2,Toronto Blue Jays,3
Miami Marlins,3,Washington Nationals,4
Chicago White Sox,8,Los Angeles Angels,4
Los Angeles Dodgers,9,Atlanta Braves,0
Oakland Athletics,2,Chicago Cubs,9
Minnesota Twins,3,Cleveland Guardians,4
Arizona D'Backs,2,Colorado Rockies,3
Detroit Tigers,7,Kansas City Royals,6
Philadelphia Phillies,2,Milwaukee Brewers,6
Washington Nationals,1,New York Mets,2
Houston Astros,1,San Diego Padres,3
Pittsburgh Pirates,0,St. Louis Cardinals,4
Chicago White Sox,0,Los Angeles Angels,5
San Francisco Giants,10,Baltimore Orioles,0
Oakland Athletics,4,Chicago Cubs,3
Atlanta Braves,5,Cincinnati Reds,6
Minnesota Twins,4,Cleveland Guardians,1
Arizona D'Backs,2,Colorado Rockies,8
Detroit Tigers,3,Kansas City Royals,1
Los Angeles Dodgers,9,Miami Marlins,11
Philadelphia Phillies,5,Milwaukee Brewers,1
Washington Nationals,1,New York Mets,10
Houston Astros,4,San Diego Padres,3
New York Yankees,11,Seattle Mariners,2
Pittsburgh Pirates,1,St. Louis Cardinals,3
Boston Red Sox,3,Tampa Bay Rays,8
Toronto Blue Jays,8,Texas Rangers,13
Chicago White Sox,3,Los Angeles Angels,4
San Francisco Giants,5,Baltimore Orioles,3
Oakland Athletics,5,Chicago Cubs,3
Atlanta Braves,7,Cincinnati Reds,1
Minnesota Twins,4,Cleveland Guardians,5
Arizona D'Backs,9,Colorado Rockies,4
Detroit Tigers,4,Kansas City Royals,2
Los Angeles Dodgers,8,Miami Marlins,4
Philadelphia Phillies,1,Milwaukee Brewers,2
Washington Nationals,0,New York Mets,10
Houston Astros,0,San Diego Padres,4
New York Yankees,2,Seattle Mariners,1
Pittsburgh Pirates,5,St. Louis Cardinals,10
Boston Red Sox,2,Tampa Bay Rays,1
Toronto Blue Jays,0,Texas Rangers,2
San Francisco Giants,3,Baltimore Orioles,5
Washington Nationals,6,Chicago Cubs,7
Atlanta Braves,15,Cincinnati Reds,3
Minnesota Twins,2,Cleveland Guardians,3
Los Angeles Angels,1,Houston Astros,3
Los Angeles Dodgers,20,Miami Marlins,4
Arizona D'Backs,5,Milwaukee Brewers,1
Philadelphia Phillies,6,New York Mets,10
New York Yankees,2,Seattle Mariners,3
Pittsburgh Pirates,3,St. Louis Cardinals,2
Boston Red Sox,0,Tampa Bay Rays,2
Toronto Blue Jays,4,Texas Rangers,0
Detroit Tigers,1,Baltimore Orioles,7
Minnesota Twins,4,Boston Red Sox,2
Washington Nationals,1,Chicago Cubs,3
Pittsburgh Pirates,3,Cincinnati Reds,8
Los Angeles Angels,7,Houston Astros,9
San Francisco Giants,2,Kansas City Royals,1
Colorado Rockies,4,Los Angeles Dodgers,6
Atlanta Braves,3,Miami Marlins,4
Arizona D'Backs,7,Milwaukee Brewers,4
Philadelphia Phillies,12,New York Mets,2
New York Yankees,4,Oakland Athletics,2
Chicago White Sox,2,San Diego Padres,3
Cleveland Guardians,5,St. Louis Cardinals,1
Toronto Blue Jays,0,Tampa Bay Rays,1
Seattle Mariners,8,Texas Rangers,2
Detroit Tigers,6,Baltimore Orioles,4
Washington Nationals,5,Chicago Cubs,1
Pittsburgh Pirates,1,Cincinnati Reds,7
Los Angeles Angels,4,Houston Astros,10
San Francisco Giants,9,Kansas City Royals,0
Colorado Rockies,6,Los Angeles Dodgers,3
Atlanta Braves,6,Miami Marlins,2
Arizona D'Backs,5,Milwaukee Brewers,0
Philadelphia Phillies,3,New York Mets,6
New York Yankees,10,Oakland Athletics,0
Chicago White Sox,2,San Diego Padres,6
Cleveland Guardians,5,St. Louis Cardinals,6
Toronto Blue Jays,2,Tampa Bay Rays,3
Seattle Mariners,8,Texas Rangers,4
Detroit Tigers,4,Baltimore Orioles,3
Minnesota Twins,1,Boston Red Sox,8
Minnesota Twins,3,Boston Red Sox,9
Washington Nationals,0,Chicago Cubs,5
Pittsburgh Pirates,2,Cincinnati Reds,0
Los Angeles Angels,9,Houston Astros,8
San Francisco Giants,2,Kansas City Royals,0
Colorado Rockies,5,Los Angeles Dodgers,6
Atlanta Braves,5,Miami Marlins,4
Arizona D'Backs,9,Milwaukee Brewers,10
Philadelphia Phillies,1,New York Mets,2
New York Yankees,7,Oakland Athletics,4
Chicago White Sox,2,San Diego Padres,4
Cleveland Guardians,1,St. Louis Cardinals,2
Toronto Blue Jays,3,Tampa Bay Rays,4
Seattle Mariners,5,Texas Rangers,6
San Francisco Giants,6,Arizona D'Backs,3
Seattle Mariners,6,Houston Astros,1
Chicago Cubs,2,Philadelphia Phillies,6
Boston Red Sox,4,Toronto Blue Jays,1
San Francisco Giants,11,Arizona D'Backs,0
New York Mets,1,Atlanta Braves,5
Los Angeles Angels,2,Chicago White Sox,3
Cincinnati Reds,1,Cleveland Guardians,6
St. Louis Cardinals,7,Colorado Rockies,3
Tampa Bay Rays,1,Detroit Tigers,2
Seattle Mariners,3,Houston Astros,4
San Diego Padres,4,Los Angeles Dodgers,2
Miami Marlins,4,Minnesota Twins,1
Baltimore Orioles,5,New York Yankees,3
Texas Rangers,4,Oakland Athletics,5
Chicago Cubs,10,Philadelphia Phillies,4
Milwaukee Brewers,7,Pittsburgh Pirates,2
Boston Red Sox,6,Toronto Blue Jays,5
Kansas City Royals,1,Washington Nationals,0
San Francisco Giants,2,Arizona D'Backs,8
Los Angeles Angels,3,Chicago White Sox,4
Cincinnati Reds,2,Cleveland Guardians,5
St. Louis Cardinals,5,Colorado Rockies,2
Tampa Bay Rays,1,Detroit Tigers,7
Seattle Mariners,8,Houston Astros,1
San Diego Padres,3,Los Angeles Dodgers,4
Miami Marlins,3,Minnesota Twins,8
Baltimore Orioles,9,New York Yankees,7
Texas Rangers,5,Oakland Athletics,1
Chicago Cubs,6,Philadelphia Phillies,9
Milwaukee Brewers,1,Pittsburgh Pirates,2
Boston Red Sox,1,Toronto Blue Jays,6
Kansas City Royals,3,Washington Nationals,0
Los Angeles Angels,0,Chicago White Sox,7
St. Louis Cardinals,8,Colorado Rockies,10
Tampa Bay Rays,3,Detroit Tigers,4
San Diego Padres,2,Los Angeles Dodgers,7
Miami Marlins,8,Minnesota Twins,6
Baltimore Orioles,1,New York Yankees,10
Texas Rangers,2,Oakland Athletics,3
Milwaukee Brewers,5,Pittsburgh Pirates,2
Kansas City Royals,7,Washington Nationals,4
Texas Rangers,5,Los Angeles Angels,2
San Diego Padres,5,Arizona D'Backs,3
Kansas City Royals,0,Atlanta Braves,3
Tampa Bay Rays,2,Boston Red Sox,1
Cincinnati Reds,0,Chicago Cubs,1
Houston Astros,5,Cleveland Guardians,2
Los Angeles Dodgers,11,Colorado Rockies,4
Chicago White Sox,1,Detroit Tigers,4
New York Mets,4,Milwaukee Brewers,8
Baltimore Orioles,7,Minnesota Twins,2
Pittsburgh Pirates,4,New York Yankees,2
Oakland Athletics,0,Seattle Mariners,2
St. Louis Cardinals,6,San Francisco Giants,3
Miami Marlins,15,Toronto Blue Jays,5
Philadelphia Phillies,1,Washington Nationals,9
Texas Rangers,9,Los Angeles Angels,8
San Diego Padres,5,Arizona D'Backs,0
Kansas City Royals,1,Atlanta Braves,2
Tampa Bay Rays,7,Boston Red Sox,2
Cincinnati Reds,0,Chicago Cubs,3
Houston Astros,4,Cleveland Guardians,3
Los Angeles Dodgers,13,Colorado Rockies,2
Chicago White Sox,4,Detroit Tigers,0
New York Mets,0,Milwaukee Brewers,6
Baltimore Orioles,9,Minnesota Twins,2
Pittsburgh Pirates,9,New York Yankees,4
Oakland Athletics,6,Seattle Mariners,7
St. Louis Cardinals,5,San Francisco Giants,6
Miami Marlins,8,Toronto Blue Jays,1
Philadelphia Phillies,3,Washington Nationals,6
Texas Rangers,8,Los Angeles Angels,0
San Diego Padres,2,Arizona D'Backs,11
Kansas City Royals,4,Atlanta Braves,2
Tampa Bay Rays,1,Boston Red Sox,3
Cincinnati Reds,3,Chicago Cubs,0
Los Angeles Dodgers,2,Colorado Rockies,1
Chicago White Sox,9,Detroit Tigers,5
New York Mets,5,Milwaukee Brewers,0
Baltimore Orioles,6,Minnesota Twins,2
Pittsburgh Pirates,4,New York Yankees,6
Oakland Athletics,4,Seattle Mariners,6
St. Louis Cardinals,6,San Francisco Giants,1
Miami Marlins,3,Toronto Blue Jays,1
Philadelphia Phillies,6,Washington Nationals,3
New York Mets,8,Atlanta Braves,7
New York Mets,0,Atlanta Braves,3